"Rajiv Gandhi International Stadium, Hyderabad",2025-03-23,Abhishek Sharma,24,5,0,49
"Rajiv Gandhi International Stadium, Hyderabad",2025-03-23,Head,67,9,3,145
"Rajiv Gandhi International Stadium, Hyderabad",2025-03-23,Ishan Kishan,106,11,6,243
"Rajiv Gandhi International Stadium, Hyderabad",2025-03-23,Nitish Reddy,30,4,1,61
"Rajiv Gandhi International Stadium, Hyderabad",2025-03-23,Klaasen (wk),34,5,1,70
"Rajiv Gandhi International Stadium, Hyderabad",2025-03-23,Aniket Verma,7,0,1,14
"Rajiv Gandhi International Stadium, Hyderabad",2025-03-23,Abhinav Manohar,0,0,0,-2
"Rajiv Gandhi International Stadium, Hyderabad",2025-03-23,Cummins (c),0,0,0,-2
"Rajiv Gandhi International Stadium, Hyderabad",2025-03-23,Fazalhaq Farooqi,3,0,0,3
"Rajiv Gandhi International Stadium, Hyderabad",2025-03-23,M Theekshana,4,2,2,28
"Rajiv Gandhi International Stadium, Hyderabad",2025-03-23,Jofra Archer,4,0,1,11
"Rajiv Gandhi International Stadium, Hyderabad",2025-03-23,Sandeep Sharma,4,1,0,9
"Rajiv Gandhi International Stadium, Hyderabad",2025-03-23,Nitish Rana,1,0,0,1
"Rajiv Gandhi International Stadium, Hyderabad",2025-03-23,Tushar Deshpande,4,3,0,19
"Rajiv Gandhi International Stadium, Hyderabad",2025-03-23,Yashasvi Jaiswal,1,0,0,1
"Rajiv Gandhi International Stadium, Hyderabad",2025-03-23,Sanju Samson,66,7,4,141
"Rajiv Gandhi International Stadium, Hyderabad",2025-03-23,Riyan Parag (c),4,1,0,9
"Rajiv Gandhi International Stadium, Hyderabad",2025-03-23,Nitish Rana,11,2,0,21
"Rajiv Gandhi International Stadium, Hyderabad",2025-03-23,Dhruv Jurel (wk),70,5,6,149
"Rajiv Gandhi International Stadium, Hyderabad",2025-03-23,Shimron Hetmyer,42,1,4,79
"Rajiv Gandhi International Stadium, Hyderabad",2025-03-23,Shubham Dubey,34,1,4,71
"Rajiv Gandhi International Stadium, Hyderabad",2025-03-23,Jofra Archer,1,0,0,1
"Rajiv Gandhi International Stadium, Hyderabad",2025-03-23,Mohammed Shami,3,1,0,8
"Rajiv Gandhi International Stadium, Hyderabad",2025-03-23,Simarjeet Singh,3,2,1,20
"Rajiv Gandhi International Stadium, Hyderabad",2025-03-23,Pat Cummins (c),4,0,1,11
"Rajiv Gandhi International Stadium, Hyderabad",2025-03-23,Abhishek Sharma,2,0,0,2
"Rajiv Gandhi International Stadium, Hyderabad",2025-03-23,Adam Zampa,4,1,0,9
"Rajiv Gandhi International Stadium, Hyderabad",2025-03-23,Harshal Patel,4,2,0,14
"Narendra Modi Stadium, Ahmedabad",2025-03-25,Priyansh Arya,47,7,2,100
"Narendra Modi Stadium, Ahmedabad",2025-03-25,Prabhsimran (wk),5,1,0,10
"Narendra Modi Stadium, Ahmedabad",2025-03-25,Shreyas Iyer (c),97,5,9,209
"Narendra Modi Stadium, Ahmedabad",2025-03-25,Azmatullah,16,2,1,33
"Narendra Modi Stadium, Ahmedabad",2025-03-25,Maxwell,0,0,0,-2
"Narendra Modi Stadium, Ahmedabad",2025-03-25,Stoinis,20,1,2,39
"Narendra Modi Stadium, Ahmedabad",2025-03-25,Shashank Singh,44,6,2,92
"Narendra Modi Stadium, Ahmedabad",2025-03-25,Siraj,4,0,0,4
"Narendra Modi Stadium, Ahmedabad",2025-03-25,Rabada,4,1,0,9
"Narendra Modi Stadium, Ahmedabad",2025-03-25,Arshad Khan,1,0,0,1
"Narendra Modi Stadium, Ahmedabad",2025-03-25,Rashid Khan,4,1,0,9
"Narendra Modi Stadium, Ahmedabad",2025-03-25,Prasidh,3,0,0,3
"Narendra Modi Stadium, Ahmedabad",2025-03-25,Sai Kishore,4,3,0,19
"Narendra Modi Stadium, Ahmedabad",2025-03-25,Sai Sudharsan,74,5,6,153
"Narendra Modi Stadium, Ahmedabad",2025-03-25,Shubman Gill (c),33,2,3,68
"Narendra Modi Stadium, Ahmedabad",2025-03-25,Jos Buttler (wk),54,4,2,100
"Narendra Modi Stadium, Ahmedabad",2025-03-25,Sherfane Rutherford,46,4,3,91
"Narendra Modi Stadium, Ahmedabad",2025-03-25,Rahul Tewatia,6,0,1,13
"Narendra Modi Stadium, Ahmedabad",2025-03-25,Shahrukh Khan,6,0,1,13
"Narendra Modi Stadium, Ahmedabad",2025-03-25,Arshad Khan,1,0,0,1
"Narendra Modi Stadium, Ahmedabad",2025-03-25,Arshdeep Singh,4,2,0,14
"Narendra Modi Stadium, Ahmedabad",2025-03-25,Azmatullah Omarzai,2,0,0,2
"Narendra Modi Stadium, Ahmedabad",2025-03-25,Marco Jansen,4,1,0,9
"Narendra Modi Stadium, Ahmedabad",2025-03-25,Glenn Maxwell,2,1,0,7
"Narendra Modi Stadium, Ahmedabad",2025-03-25,Marcus Stoinis,2,0,0,2
"Narendra Modi Stadium, Ahmedabad",2025-03-25,Yuzvendra Chahal,3,0,0,3
"Narendra Modi Stadium, Ahmedabad",2025-03-25,Vijaykumar Vyshak,3,0,0,3
"MA Chidambaram Stadium, Chennai",2025-03-28,Phil Salt,32,5,1,68
"MA Chidambaram Stadium, Chennai",2025-03-28,Kohli,31,2,1,52
"MA Chidambaram Stadium, Chennai",2025-03-28,Padikkal,27,2,2,55
"MA Chidambaram Stadium, Chennai",2025-03-28,Rajat Patidar (c),51,4,3,104
"MA Chidambaram Stadium, Chennai",2025-03-28,Livingstone,10,0,1,17
"MA Chidambaram Stadium, Chennai",2025-03-28,Jitesh Sharma (wk),12,1,1,24
"MA Chidambaram Stadium, Chennai",2025-03-28,Tim David,22,1,3,48
"MA Chidambaram Stadium, Chennai",2025-03-28,Krunal Pandya,0,0,0,-2
"MA Chidambaram Stadium, Chennai",2025-03-28,Bhuvneshwar,0,0,0,-2
"MA Chidambaram Stadium, Chennai",2025-03-28,Khaleel Ahmed,4,1,0,9
"MA Chidambaram Stadium, Chennai",2025-03-28,Ashwin,2,1,0,7
"MA Chidambaram Stadium, Chennai",2025-03-28,Sam Curran,3,0,0,3
"MA Chidambaram Stadium, Chennai",2025-03-28,Noor Ahmad,4,3,0,19
"MA Chidambaram Stadium, Chennai",2025-03-28,Ravindra Jadeja,3,0,0,3
"MA Chidambaram Stadium, Chennai",2025-03-28,Matheesha Pathirana,4,2,0,14
"MA Chidambaram Stadium, Chennai",2025-03-28,Rachin Ravindra,41,5,0,70
"MA Chidambaram Stadium, Chennai",2025-03-28,Rahul Tripathi,5,1,0,10
"MA Chidambaram Stadium, Chennai",2025-03-28,Ruturaj Gaikwad (c),0,0,0,-2
"MA Chidambaram Stadium, Chennai",2025-03-28,Deepak Hooda,4,1,0,9
"MA Chidambaram Stadium, Chennai",2025-03-28,Sam Curran,8,0,0,8
"MA Chidambaram Stadium, Chennai",2025-03-28,Shivam Dube,19,2,1,36
"MA Chidambaram Stadium, Chennai",2025-03-28,Ravindra Jadeja,25,2,1,46
"MA Chidambaram Stadium, Chennai",2025-03-28,Ravichandran Ashwin,11,1,0,16
"MA Chidambaram Stadium, Chennai",2025-03-28,MS Dhoni (wk),30,3,2,63
"MA Chidambaram Stadium, Chennai",2025-03-28,Noor Ahmad,0,0,0,-2
"MA Chidambaram Stadium, Chennai",2025-03-28,Bhuvneshwar Kumar,3,1,0,8
"MA Chidambaram Stadium, Chennai",2025-03-28,Josh Hazlewood,4,3,0,19
"MA Chidambaram Stadium, Chennai",2025-03-28,Yash Dayal,3,2,0,13
"MA Chidambaram Stadium, Chennai",2025-03-28,Liam Livingstone,4,2,0,14
"MA Chidambaram Stadium, Chennai",2025-03-28,Suyash Sharma,4,0,0,4
"MA Chidambaram Stadium, Chennai",2025-03-28,Krunal Pandya,2,0,0,2
"Narendra Modi Stadium, Ahmedabad",2025-03-29,Sai Sudharsan,63,4,2,109
"Narendra Modi Stadium, Ahmedabad",2025-03-29,Shubman Gill (c),38,4,1,69
"Narendra Modi Stadium, Ahmedabad",2025-03-29,Jos Buttler (wk),39,5,1,75
"Narendra Modi Stadium, Ahmedabad",2025-03-29,Shahrukh Khan,9,0,1,16
"Narendra Modi Stadium, Ahmedabad",2025-03-29,Sherfane Rutherford,18,0,2,32
"Narendra Modi Stadium, Ahmedabad",2025-03-29,Rahul Tewatia,0,0,0,-2
"Narendra Modi Stadium, Ahmedabad",2025-03-29,Rashid Khan,6,0,1,13
"Narendra Modi Stadium, Ahmedabad",2025-03-29,Rabada,7,0,1,14
"Narendra Modi Stadium, Ahmedabad",2025-03-29,Sai Kishore,1,0,0,1
"Narendra Modi Stadium, Ahmedabad",2025-03-29,Boult,4,1,0,9
"Narendra Modi Stadium, Ahmedabad",2025-03-29,D Chahar,4,1,0,9
"Narendra Modi Stadium, Ahmedabad",2025-03-29,Mujeeb,2,1,0,7
"Narendra Modi Stadium, Ahmedabad",2025-03-29,Hardik Pandya (c),4,2,0,14
"Narendra Modi Stadium, Ahmedabad",2025-03-29,Santner,3,0,0,3
"Narendra Modi Stadium, Ahmedabad",2025-03-29,Satyanarayana Raju,3,1,0,8
"Narendra Modi Stadium, Ahmedabad",2025-03-29,Rohit Sharma,8,2,0,18
"Narendra Modi Stadium, Ahmedabad",2025-03-29,Ryan Rickelton (wk),6,1,0,11
"Narendra Modi Stadium, Ahmedabad",2025-03-29,Tilak Varma,39,3,1,65
"Narendra Modi Stadium, Ahmedabad",2025-03-29,Suryakumar Yadav,48,1,4,85
"Narendra Modi Stadium, Ahmedabad",2025-03-29,Robin Minz,3,0,0,3
"Narendra Modi Stadium, Ahmedabad",2025-03-29,Hardik Pandya (c),11,1,0,16
"Narendra Modi Stadium, Ahmedabad",2025-03-29,Naman Dhir,18,3,0,33
"Narendra Modi Stadium, Ahmedabad",2025-03-29,Mitchell Santner,18,1,2,37
"Narendra Modi Stadium, Ahmedabad",2025-03-29,Mohammed Siraj,4,2,0,14
"Narendra Modi Stadium, Ahmedabad",2025-03-29,Kagiso Rabada,4,1,0,9
"Narendra Modi Stadium, Ahmedabad",2025-03-29,Ishant Sharma,2,0,0,2
"Narendra Modi Stadium, Ahmedabad",2025-03-29,Rashid Khan,2,0,0,2
"Narendra Modi Stadium, Ahmedabad",2025-03-29,Ravisrinivasan Sai Kishore,4,1,0,9
"Narendra Modi Stadium, Ahmedabad",2025-03-29,Prasidh Krishna,4,2,0,14
"Barsapara Cricket Stadium, Guwahati",2025-03-30,Yashasvi Jaiswal,4,1,0,9
"Barsapara Cricket Stadium, Guwahati",2025-03-30,Samson,20,1,1,32
"Barsapara Cricket Stadium, Guwahati",2025-03-30,Nitish Rana,81,10,5,190
"Barsapara Cricket Stadium, Guwahati",2025-03-30,Riyan Parag (c),37,2,2,65
"Barsapara Cricket Stadium, Guwahati",2025-03-30,Dhruv Jurel (wk),3,0,0,3
"Barsapara Cricket Stadium, Guwahati",2025-03-30,W Hasaranga,4,0,0,4
"Barsapara Cricket Stadium, Guwahati",2025-03-30,Hetmyer,19,1,1,31
"Barsapara Cricket Stadium, Guwahati",2025-03-30,Jofra Archer,0,0,0,-2
"Barsapara Cricket Stadium, Guwahati",2025-03-30,Kumar Kartikeya,1,0,0,1
"Barsapara Cricket Stadium, Guwahati",2025-03-30,M Theekshana,2,0,0,2
"Barsapara Cricket Stadium, Guwahati",2025-03-30,Tushar Deshpande,1,0,0,1
"Barsapara Cricket Stadium, Guwahati",2025-03-30,Khaleel Ahmed,4,2,0,14
"Barsapara Cricket Stadium, Guwahati",2025-03-30,Jamie Overton,2,0,0,2
"Barsapara Cricket Stadium, Guwahati",2025-03-30,Ashwin,4,1,0,9
"Barsapara Cricket Stadium, Guwahati",2025-03-30,Noor Ahmad,4,2,0,14
"Barsapara Cricket Stadium, Guwahati",2025-03-30,Matheesha Pathirana,4,2,0,14
"Barsapara Cricket Stadium, Guwahati",2025-03-30,Ravindra Jadeja,2,1,0,7
"Barsapara Cricket Stadium, Guwahati",2025-03-30,Rachin Ravindra,0,0,0,-2
"Barsapara Cricket Stadium, Guwahati",2025-03-30,Rahul Tripathi,23,3,1,45
"Barsapara Cricket Stadium, Guwahati",2025-03-30,Ruturaj Gaikwad (c),63,7,1,117
"Barsapara Cricket Stadium, Guwahati",2025-03-30,Shivam Dube,18,1,2,37
"Barsapara Cricket Stadium, Guwahati",2025-03-30,Vijay Shankar,9,0,1,16
"Barsapara Cricket Stadium, Guwahati",2025-03-30,Ravindra Jadeja,32,2,1,53
"Barsapara Cricket Stadium, Guwahati",2025-03-30,MS Dhoni (wk),16,1,1,28
"Barsapara Cricket Stadium, Guwahati",2025-03-30,Jamie Overton,11,0,1,18
"Barsapara Cricket Stadium, Guwahati",2025-03-30,Jofra Archer,3,1,0,8
"Barsapara Cricket Stadium, Guwahati",2025-03-30,Tushar Deshpande,4,0,0,4
"Barsapara Cricket Stadium, Guwahati",2025-03-30,Sandeep Sharma,4,1,0,9
"Barsapara Cricket Stadium, Guwahati",2025-03-30,Maheesh Theekshana,4,0,0,4
"Barsapara Cricket Stadium, Guwahati",2025-03-30,Wanindu Hasaranga,4,4,0,24
"Barsapara Cricket Stadium, Guwahati",2025-03-30,Kumar Kartikeya,1,0,0,1
"Bharat Ratna Shri Atal Bihari Vajpayee Ekana Cricket Stadium, Lucknow",2025-04-04,Mitchell Marsh,60,9,2,131
"Bharat Ratna Shri Atal Bihari Vajpayee Ekana Cricket Stadium, Lucknow",2025-04-04,Markram,53,2,4,103
"Bharat Ratna Shri Atal Bihari Vajpayee Ekana Cricket Stadium, Lucknow",2025-04-04,Pooran,12,1,1,24
"Bharat Ratna Shri Atal Bihari Vajpayee Ekana Cricket Stadium, Lucknow",2025-04-04,Pant (c & wk),2,0,0,2
"Bharat Ratna Shri Atal Bihari Vajpayee Ekana Cricket Stadium, Lucknow",2025-04-04,Ayush Badoni,30,4,0,54
"Bharat Ratna Shri Atal Bihari Vajpayee Ekana Cricket Stadium, Lucknow",2025-04-04,David Miller,27,3,1,53
"Bharat Ratna Shri Atal Bihari Vajpayee Ekana Cricket Stadium, Lucknow",2025-04-04,Abdul Samad,4,1,0,9
"Bharat Ratna Shri Atal Bihari Vajpayee Ekana Cricket Stadium, Lucknow",2025-04-04,Thakur,5,1,0,10
"Bharat Ratna Shri Atal Bihari Vajpayee Ekana Cricket Stadium, Lucknow",2025-04-04,Akash Deep,0,0,0,-2
"Bharat Ratna Shri Atal Bihari Vajpayee Ekana Cricket Stadium, Lucknow",2025-04-04,Avesh Khan,2,0,0,2
"Bharat Ratna Shri Atal Bihari Vajpayee Ekana Cricket Stadium, Lucknow",2025-04-04,Boult,3,1,0,8
"Bharat Ratna Shri Atal Bihari Vajpayee Ekana Cricket Stadium, Lucknow",2025-04-04,D Chahar,2,0,0,2
"Bharat Ratna Shri Atal Bihari Vajpayee Ekana Cricket Stadium, Lucknow",2025-04-04,Ashwani Kumar,3,1,0,8
"Bharat Ratna Shri Atal Bihari Vajpayee Ekana Cricket Stadium, Lucknow",2025-04-04,Santner,4,0,0,4
"Bharat Ratna Shri Atal Bihari Vajpayee Ekana Cricket Stadium, Lucknow",2025-04-04,Vignesh Puthur,4,1,0,9
"Bharat Ratna Shri Atal Bihari Vajpayee Ekana Cricket Stadium, Lucknow",2025-04-04,Hardik Pandya (c),4,5,0,29
"Bharat Ratna Shri Atal Bihari Vajpayee Ekana Cricket Stadium, Lucknow",2025-04-04,Will Jacks,5,0,0,5
"Bharat Ratna Shri Atal Bihari Vajpayee Ekana Cricket Stadium, Lucknow",2025-04-04,Ryan Rickelton (wk),10,2,0,20
"Bharat Ratna Shri Atal Bihari Vajpayee Ekana Cricket Stadium, Lucknow",2025-04-04,Naman Dhir,46,4,3,91
"Bharat Ratna Shri Atal Bihari Vajpayee Ekana Cricket Stadium, Lucknow",2025-04-04,Suryakumar Yadav,67,9,1,131
"Bharat Ratna Shri Atal Bihari Vajpayee Ekana Cricket Stadium, Lucknow",2025-04-04,Tilak Varma,25,2,0,39
"Bharat Ratna Shri Atal Bihari Vajpayee Ekana Cricket Stadium, Lucknow",2025-04-04,Hardik Pandya (c),28,2,1,49
"Bharat Ratna Shri Atal Bihari Vajpayee Ekana Cricket Stadium, Lucknow",2025-04-04,Mitchell Santner,2,0,0,2
"Bharat Ratna Shri Atal Bihari Vajpayee Ekana Cricket Stadium, Lucknow",2025-04-04,Shardul Thakur,4,1,0,9
"Bharat Ratna Shri Atal Bihari Vajpayee Ekana Cricket Stadium, Lucknow",2025-04-04,Akash Deep,4,1,0,9
"Bharat Ratna Shri Atal Bihari Vajpayee Ekana Cricket Stadium, Lucknow",2025-04-04,Avesh Khan,4,1,0,9
"Bharat Ratna Shri Atal Bihari Vajpayee Ekana Cricket Stadium, Lucknow",2025-04-04,Digvesh Singh Rathi,4,1,0,9
"Bharat Ratna Shri Atal Bihari Vajpayee Ekana Cricket Stadium, Lucknow",2025-04-04,Ravi Bishnoi,4,0,0,4
"MA Chidambaram Stadium, Chennai",2025-04-05,Jake Fraser-McGurk,0,0,0,-2
"MA Chidambaram Stadium, Chennai",2025-04-05,Rahul (wk),77,6,3,152
"MA Chidambaram Stadium, Chennai",2025-04-05,Abishek Porel,33,4,1,64
"MA Chidambaram Stadium, Chennai",2025-04-05,Axar (c),21,2,1,38
"MA Chidambaram Stadium, Chennai",2025-04-05,Sameer Rizvi,20,1,1,32
"MA Chidambaram Stadium, Chennai",2025-04-05,Stubbs,24,2,1,41
"MA Chidambaram Stadium, Chennai",2025-04-05,Ashutosh Sharma,1,0,0,1
"MA Chidambaram Stadium, Chennai",2025-04-05,Vipraj Nigam,1,0,0,1
"MA Chidambaram Stadium, Chennai",2025-04-05,Khaleel Ahmed,4,2,0,14
"MA Chidambaram Stadium, Chennai",2025-04-05,Mukesh Choudhary,4,0,0,4
"MA Chidambaram Stadium, Chennai",2025-04-05,Ashwin,3,0,0,3
"MA Chidambaram Stadium, Chennai",2025-04-05,Ravindra Jadeja,2,1,0,7
"MA Chidambaram Stadium, Chennai",2025-04-05,Noor Ahmad,3,1,0,8
"MA Chidambaram Stadium, Chennai",2025-04-05,Matheesha Pathirana,4,1,0,9
"MA Chidambaram Stadium, Chennai",2025-04-05,Rachin Ravindra,3,0,0,3
"MA Chidambaram Stadium, Chennai",2025-04-05,Devon Conway,13,1,0,18
"MA Chidambaram Stadium, Chennai",2025-04-05,Ruturaj Gaikwad (c),5,1,0,10
"MA Chidambaram Stadium, Chennai",2025-04-05,Vijay Shankar,69,5,1,113
"MA Chidambaram Stadium, Chennai",2025-04-05,Shivam Dube,18,1,1,30
"MA Chidambaram Stadium, Chennai",2025-04-05,Ravindra Jadeja,2,0,0,2
"MA Chidambaram Stadium, Chennai",2025-04-05,MS Dhoni (wk),30,1,1,46
"MA Chidambaram Stadium, Chennai",2025-04-05,Mitchell Starc,4,1,1,16
"MA Chidambaram Stadium, Chennai",2025-04-05,Mukesh Kumar,4,1,0,9
"MA Chidambaram Stadium, Chennai",2025-04-05,Mohit Sharma,3,0,1,10
"MA Chidambaram Stadium, Chennai",2025-04-05,Vipraj Nigam,4,2,0,14
"MA Chidambaram Stadium, Chennai",2025-04-05,Kuldeep Yadav,4,1,0,9
"MA Chidambaram Stadium, Chennai",2025-04-05,Axar Patel (c),1,0,0,1
"Maharaja Yadavindra Singh International Cricket Stadium, Mullanpur, Chandigarh",2025-04-05,Yashasvi Jaiswal,67,3,5,129
"Maharaja Yadavindra Singh International Cricket Stadium, Mullanpur, Chandigarh",2025-04-05,Samson (c & wk),38,6,0,72
"Maharaja Yadavindra Singh International Cricket Stadium, Mullanpur, Chandigarh",2025-04-05,Riyan Parag,43,3,3,83
"Maharaja Yadavindra Singh International Cricket Stadium, Mullanpur, Chandigarh",2025-04-05,Nitish Rana,12,2,0,22
"Maharaja Yadavindra Singh International Cricket Stadium, Mullanpur, Chandigarh",2025-04-05,Hetmyer,20,2,1,37
"Maharaja Yadavindra Singh International Cricket Stadium, Mullanpur, Chandigarh",2025-04-05,Dhruv Jurel,13,1,1,25
"Maharaja Yadavindra Singh International Cricket Stadium, Mullanpur, Chandigarh",2025-04-05,Arshdeep Singh,4,1,0,9
"Maharaja Yadavindra Singh International Cricket Stadium, Mullanpur, Chandigarh",2025-04-05,Marco Jansen,4,1,0,9
"Maharaja Yadavindra Singh International Cricket Stadium, Mullanpur, Chandigarh",2025-04-05,Lockie Ferguson,4,2,0,14
"Maharaja Yadavindra Singh International Cricket Stadium, Mullanpur, Chandigarh",2025-04-05,Maxwell,1,0,0,1
"Maharaja Yadavindra Singh International Cricket Stadium, Mullanpur, Chandigarh",2025-04-05,Chahal,3,0,0,3
"Maharaja Yadavindra Singh International Cricket Stadium, Mullanpur, Chandigarh",2025-04-05,Stoinis,4,0,0,4
"Maharaja Yadavindra Singh International Cricket Stadium, Mullanpur, Chandigarh",2025-04-05,Priyansh Arya,0,0,0,-2
"Maharaja Yadavindra Singh International Cricket Stadium, Mullanpur, Chandigarh",2025-04-05,Prabhsimran Singh (wk),17,2,0,27
"Maharaja Yadavindra Singh International Cricket Stadium, Mullanpur, Chandigarh",2025-04-05,Shreyas Iyer (c),10,2,0,20
"Maharaja Yadavindra Singh International Cricket Stadium, Mullanpur, Chandigarh",2025-04-05,Marcus Stoinis,1,0,0,1
"Maharaja Yadavindra Singh International Cricket Stadium, Mullanpur, Chandigarh",2025-04-05,Nehal Wadhera,62,4,3,115
"Maharaja Yadavindra Singh International Cricket Stadium, Mullanpur, Chandigarh",2025-04-05,Glenn Maxwell,30,3,1,56
"Maharaja Yadavindra Singh International Cricket Stadium, Mullanpur, Chandigarh",2025-04-05,Shashank Singh,10,0,0,10
"Maharaja Yadavindra Singh International Cricket Stadium, Mullanpur, Chandigarh",2025-04-05,Suryansh Shedge,2,0,0,2
"Maharaja Yadavindra Singh International Cricket Stadium, Mullanpur, Chandigarh",2025-04-05,Marco Jansen,3,0,0,3
"Maharaja Yadavindra Singh International Cricket Stadium, Mullanpur, Chandigarh",2025-04-05,Arshdeep Singh,1,0,0,1
"Maharaja Yadavindra Singh International Cricket Stadium, Mullanpur, Chandigarh",2025-04-05,Lockie Ferguson,4,1,0,9
"Maharaja Yadavindra Singh International Cricket Stadium, Mullanpur, Chandigarh",2025-04-05,Jofra Archer,4,3,0,19
"Maharaja Yadavindra Singh International Cricket Stadium, Mullanpur, Chandigarh",2025-04-05,Yudhvir Singh Charak,2,0,0,2
"Maharaja Yadavindra Singh International Cricket Stadium, Mullanpur, Chandigarh",2025-04-05,Sandeep Sharma,4,2,0,14
"Maharaja Yadavindra Singh International Cricket Stadium, Mullanpur, Chandigarh",2025-04-05,Maheesh Theekshana,4,2,0,14
"Maharaja Yadavindra Singh International Cricket Stadium, Mullanpur, Chandigarh",2025-04-05,Kumar Kartikeya,2,1,0,7
"Maharaja Yadavindra Singh International Cricket Stadium, Mullanpur, Chandigarh",2025-04-05,Wanindu Hasaranga,4,1,0,9
"Wankhede Stadium, Mumbai",2025-04-07,Phil Salt,4,1,0,9
"Wankhede Stadium, Mumbai",2025-04-07,Kohli,67,8,2,133
"Wankhede Stadium, Mumbai",2025-04-07,Padikkal,37,2,3,72
"Wankhede Stadium, Mumbai",2025-04-07,Rajat Patidar (c),64,5,4,129
"Wankhede Stadium, Mumbai",2025-04-07,Livingstone,0,0,0,-2
"Wankhede Stadium, Mumbai",2025-04-07,Jitesh Sharma (wk),40,2,4,82
"Wankhede Stadium, Mumbai",2025-04-07,Tim David,1,0,0,1
"Wankhede Stadium, Mumbai",2025-04-07,Boult,4,2,0,14
"Wankhede Stadium, Mumbai",2025-04-07,D Chahar,2,0,0,2
"Wankhede Stadium, Mumbai",2025-04-07,Bumrah,4,0,0,4
"Wankhede Stadium, Mumbai",2025-04-07,Will Jacks,1,0,0,1
"Wankhede Stadium, Mumbai",2025-04-07,Santner,4,0,0,4
"Wankhede Stadium, Mumbai",2025-04-07,Hardik Pandya (c),4,2,0,14
"Wankhede Stadium, Mumbai",2025-04-07,Vignesh Puthur,1,1,0,6
"Wankhede Stadium, Mumbai",2025-04-07,Rohit Sharma,17,2,1,34
"Wankhede Stadium, Mumbai",2025-04-07,Ryan Rickelton (wk),17,4,0,37
"Wankhede Stadium, Mumbai",2025-04-07,Will Jacks,22,2,1,39
"Wankhede Stadium, Mumbai",2025-04-07,Suryakumar Yadav,28,5,0,57
"Wankhede Stadium, Mumbai",2025-04-07,Tilak Varma,56,4,4,116
"Wankhede Stadium, Mumbai",2025-04-07,Hardik Pandya (c),42,3,4,89
"Wankhede Stadium, Mumbai",2025-04-07,Naman Dhir,11,1,1,23
"Wankhede Stadium, Mumbai",2025-04-07,Mitchell Santner,8,0,1,15
"Wankhede Stadium, Mumbai",2025-04-07,Deepak Chahar,0,0,0,-2
"Wankhede Stadium, Mumbai",2025-04-07,Trent Boult,1,0,0,1
"Wankhede Stadium, Mumbai",2025-04-07,Jasprit Bumrah,0,0,0,-2
"Wankhede Stadium, Mumbai",2025-04-07,Bhuvneshwar Kumar,4,1,0,9
"Wankhede Stadium, Mumbai",2025-04-07,Yash Dayal,4,2,0,14
"Wankhede Stadium, Mumbai",2025-04-07,Josh Hazlewood,4,2,0,14
"Wankhede Stadium, Mumbai",2025-04-07,Suyash Sharma,4,0,0,4
"Wankhede Stadium, Mumbai",2025-04-07,Krunal Pandya,4,4,0,24
"Eden Gardens, Kolkata",2025-04-08,Markram,47,4,2,85
"Eden Gardens, Kolkata",2025-04-08,Mitchell Marsh,81,6,5,170
"Eden Gardens, Kolkata",2025-04-08,Pooran,87,7,8,202
"Eden Gardens, Kolkata",2025-04-08,Abdul Samad,6,1,0,11
"Eden Gardens, Kolkata",2025-04-08,David Miller,4,0,0,4
"Eden Gardens, Kolkata",2025-04-08,Vaibhav Arora,4,0,0,4
"Eden Gardens, Kolkata",2025-04-08,Spencer Johnson,3,0,0,3
"Eden Gardens, Kolkata",2025-04-08,Varun Chakaravarthy,4,0,0,4
"Eden Gardens, Kolkata",2025-04-08,Harshit Rana,4,2,0,14
"Eden Gardens, Kolkata",2025-04-08,Narine,3,0,0,3
"Eden Gardens, Kolkata",2025-04-08,Russell,2,1,0,7
"Eden Gardens, Kolkata",2025-04-08,Quinton de Kock (wk),15,0,2,29
"Eden Gardens, Kolkata",2025-04-08,Sunil Narine,30,4,2,68
"Eden Gardens, Kolkata",2025-04-08,Ajinkya Rahane (c),61,8,2,127
"Eden Gardens, Kolkata",2025-04-08,Venkatesh Iyer,45,6,1,86
"Eden Gardens, Kolkata",2025-04-08,Ramandeep Singh,1,0,0,1
"Eden Gardens, Kolkata",2025-04-08,Angkrish Raghuvanshi,5,1,0,10
"Eden Gardens, Kolkata",2025-04-08,Andre Russell,7,0,1,14
"Eden Gardens, Kolkata",2025-04-08,Rinku Singh,38,6,2,86
"Eden Gardens, Kolkata",2025-04-08,Harshit Rana,10,2,0,20
"Eden Gardens, Kolkata",2025-04-08,Akash Deep,4,2,0,14
"Eden Gardens, Kolkata",2025-04-08,Shardul Thakur,4,2,0,14
"Eden Gardens, Kolkata",2025-04-08,Avesh Khan,4,1,0,9
"Eden Gardens, Kolkata",2025-04-08,Digvesh Singh Rathi,4,1,0,9
"Eden Gardens, Kolkata",2025-04-08,Ravi Bishnoi,4,1,0,9
"Maharaja Yadavindra Singh International Cricket Stadium, Mullanpur, Chandigarh",2025-04-08,Priyansh Arya,103,7,9,241
"Maharaja Yadavindra Singh International Cricket Stadium, Mullanpur, Chandigarh",2025-04-08,Prabhsimran (wk),0,0,0,-2
"Maharaja Yadavindra Singh International Cricket Stadium, Mullanpur, Chandigarh",2025-04-08,Shreyas Iyer (c),9,0,1,16
"Maharaja Yadavindra Singh International Cricket Stadium, Mullanpur, Chandigarh",2025-04-08,Stoinis,4,0,0,4
"Maharaja Yadavindra Singh International Cricket Stadium, Mullanpur, Chandigarh",2025-04-08,Nehal Wadhera,9,0,1,16
"Maharaja Yadavindra Singh International Cricket Stadium, Mullanpur, Chandigarh",2025-04-08,Maxwell,1,0,0,1
"Maharaja Yadavindra Singh International Cricket Stadium, Mullanpur, Chandigarh",2025-04-08,Shashank Singh,52,2,3,95
"Maharaja Yadavindra Singh International Cricket Stadium, Mullanpur, Chandigarh",2025-04-08,Marco Jansen,34,2,2,62
"Maharaja Yadavindra Singh International Cricket Stadium, Mullanpur, Chandigarh",2025-04-08,Khaleel Ahmed,4,2,1,21
"Maharaja Yadavindra Singh International Cricket Stadium, Mullanpur, Chandigarh",2025-04-08,Mukesh Choudhary,2,1,0,7
"Maharaja Yadavindra Singh International Cricket Stadium, Mullanpur, Chandigarh",2025-04-08,Ashwin,4,2,0,14
"Maharaja Yadavindra Singh International Cricket Stadium, Mullanpur, Chandigarh",2025-04-08,Ravindra Jadeja,3,0,1,10
"Maharaja Yadavindra Singh International Cricket Stadium, Mullanpur, Chandigarh",2025-04-08,Noor Ahmad,3,1,0,8
"Maharaja Yadavindra Singh International Cricket Stadium, Mullanpur, Chandigarh",2025-04-08,Matheesha Pathirana,4,0,0,4
"Maharaja Yadavindra Singh International Cricket Stadium, Mullanpur, Chandigarh",2025-04-08,Rachin Ravindra,36,6,0,70
"Maharaja Yadavindra Singh International Cricket Stadium, Mullanpur, Chandigarh",2025-04-08,Devon Conway,69,6,2,125
"Maharaja Yadavindra Singh International Cricket Stadium, Mullanpur, Chandigarh",2025-04-08,Ruturaj Gaikwad (c),1,0,0,1
"Maharaja Yadavindra Singh International Cricket Stadium, Mullanpur, Chandigarh",2025-04-08,Shivam Dube,42,3,2,75
"Maharaja Yadavindra Singh International Cricket Stadium, Mullanpur, Chandigarh",2025-04-08,MS Dhoni (wk),27,1,3,57
"Maharaja Yadavindra Singh International Cricket Stadium, Mullanpur, Chandigarh",2025-04-08,Ravindra Jadeja,9,0,1,16
"Maharaja Yadavindra Singh International Cricket Stadium, Mullanpur, Chandigarh",2025-04-08,Vijay Shankar,2,0,0,2
"Maharaja Yadavindra Singh International Cricket Stadium, Mullanpur, Chandigarh",2025-04-08,Arshdeep Singh,4,0,0,4
"Maharaja Yadavindra Singh International Cricket Stadium, Mullanpur, Chandigarh",2025-04-08,Yash Thakur,4,1,0,9
"Maharaja Yadavindra Singh International Cricket Stadium, Mullanpur, Chandigarh",2025-04-08,Glenn Maxwell,2,1,0,7
"Maharaja Yadavindra Singh International Cricket Stadium, Mullanpur, Chandigarh",2025-04-08,Marco Jansen,4,0,1,11
"Maharaja Yadavindra Singh International Cricket Stadium, Mullanpur, Chandigarh",2025-04-08,Lockie Ferguson,4,2,0,14
"Maharaja Yadavindra Singh International Cricket Stadium, Mullanpur, Chandigarh",2025-04-08,Marcus Stoinis,1,0,0,1
"Maharaja Yadavindra Singh International Cricket Stadium, Mullanpur, Chandigarh",2025-04-08,Yuzvendra Chahal,1,0,0,1
"Arun Jaitley Stadium, Delhi",2025-04-13,Rohit,18,2,1,35
"Arun Jaitley Stadium, Delhi",2025-04-13,Rickelton (wk),41,5,2,84
"Arun Jaitley Stadium, Delhi",2025-04-13,Suryakumar Yadav,40,5,2,83
"Arun Jaitley Stadium, Delhi",2025-04-13,Tilak Varma,59,6,3,122
"Arun Jaitley Stadium, Delhi",2025-04-13,Hardik Pandya (c),2,0,0,2
"Arun Jaitley Stadium, Delhi",2025-04-13,Naman Dhir,38,3,2,71
"Arun Jaitley Stadium, Delhi",2025-04-13,Will Jacks,1,0,0,1
"Arun Jaitley Stadium, Delhi",2025-04-13,Mitchell Starc,3,0,0,3
"Arun Jaitley Stadium, Delhi",2025-04-13,Mukesh Kumar,4,1,0,9
"Arun Jaitley Stadium, Delhi",2025-04-13,Vipraj Nigam,4,2,0,14
"Arun Jaitley Stadium, Delhi",2025-04-13,Kuldeep Yadav,4,2,0,14
"Arun Jaitley Stadium, Delhi",2025-04-13,Axar (c),2,0,0,2
"Arun Jaitley Stadium, Delhi",2025-04-13,Mohit Sharma,3,0,0,3
"Arun Jaitley Stadium, Delhi",2025-04-13,Jake Fraser-McGurk,0,0,0,-2
"Arun Jaitley Stadium, Delhi",2025-04-13,Abishek Porel,33,3,1,59
"Arun Jaitley Stadium, Delhi",2025-04-13,Karun Nair,89,12,5,208
"Arun Jaitley Stadium, Delhi",2025-04-13,KL Rahul (wk),15,1,0,20
"Arun Jaitley Stadium, Delhi",2025-04-13,Axar Patel (c),9,2,0,19
"Arun Jaitley Stadium, Delhi",2025-04-13,Tristan Stubbs,1,0,0,1
"Arun Jaitley Stadium, Delhi",2025-04-13,Ashutosh Sharma,17,2,0,27
"Arun Jaitley Stadium, Delhi",2025-04-13,Vipraj Nigam,14,1,1,26
"Arun Jaitley Stadium, Delhi",2025-04-13,Mitchell Starc,1,0,0,1
"Arun Jaitley Stadium, Delhi",2025-04-13,Kuldeep Yadav,1,0,0,1
"Arun Jaitley Stadium, Delhi",2025-04-13,Mohit Sharma,0,0,0,-2
"Arun Jaitley Stadium, Delhi",2025-04-13,Deepak Chahar,3,1,0,8
"Arun Jaitley Stadium, Delhi",2025-04-13,Trent Boult,2,0,0,2
"Arun Jaitley Stadium, Delhi",2025-04-13,Jasprit Bumrah,4,1,0,9
"Arun Jaitley Stadium, Delhi",2025-04-13,Mitchell Santner,4,2,0,14
"Arun Jaitley Stadium, Delhi",2025-04-13,Hardik Pandya (c),2,0,0,2
"Arun Jaitley Stadium, Delhi",2025-04-13,Karn Sharma,4,3,0,19
"Arun Jaitley Stadium, Delhi",2025-04-16,Jake Fraser-McGurk,9,2,0,19
"Arun Jaitley Stadium, Delhi",2025-04-16,Abishek Porel,49,5,1,85
"Arun Jaitley Stadium, Delhi",2025-04-16,Karun Nair,0,0,0,-2
"Arun Jaitley Stadium, Delhi",2025-04-16,Rahul (wk),38,2,2,66
"Arun Jaitley Stadium, Delhi",2025-04-16,Stubbs,34,2,2,62
"Arun Jaitley Stadium, Delhi",2025-04-16,Axar (c),34,4,2,72
"Arun Jaitley Stadium, Delhi",2025-04-16,Ashutosh Sharma,15,2,0,25
"Arun Jaitley Stadium, Delhi",2025-04-16,Jofra Archer,4,2,0,14
"Arun Jaitley Stadium, Delhi",2025-04-16,Tushar Deshpande,3,0,0,3
"Arun Jaitley Stadium, Delhi",2025-04-16,Sandeep Sharma,4,0,1,11
"Arun Jaitley Stadium, Delhi",2025-04-16,M Theekshana,4,1,0,9
"Arun Jaitley Stadium, Delhi",2025-04-16,W Hasaranga,4,1,0,9
"Arun Jaitley Stadium, Delhi",2025-04-16,Riyan Parag,1,0,0,1
"Arun Jaitley Stadium, Delhi",2025-04-16,Yashasvi Jaiswal,51,3,4,106
"Arun Jaitley Stadium, Delhi",2025-04-16,Sanju Samson (c & wk),31,2,3,66
"Arun Jaitley Stadium, Delhi",2025-04-16,Riyan Parag,8,1,0,13
"Arun Jaitley Stadium, Delhi",2025-04-16,Nitish Rana,51,6,2,107
"Arun Jaitley Stadium, Delhi",2025-04-16,Dhruv Jurel,26,0,2,44
"Arun Jaitley Stadium, Delhi",2025-04-16,Shimron Hetmyer,15,1,0,20
"Arun Jaitley Stadium, Delhi",2025-04-16,Mitchell Starc,4,1,0,9
"Arun Jaitley Stadium, Delhi",2025-04-16,Mukesh Kumar,3,0,0,3
"Arun Jaitley Stadium, Delhi",2025-04-16,Mohit Sharma,4,0,0,4
"Arun Jaitley Stadium, Delhi",2025-04-16,Vipraj Nigam,1,0,1,8
"Arun Jaitley Stadium, Delhi",2025-04-16,Axar Patel (c),3,1,0,8
"Arun Jaitley Stadium, Delhi",2025-04-16,Kuldeep Yadav,4,1,0,9
"Arun Jaitley Stadium, Delhi",2025-04-16,Tristan Stubbs,1,0,0,1
"Sawai Mansingh Stadium, Jaipur",2025-04-19,Mitchell Marsh,4,0,0,4
"Sawai Mansingh Stadium, Jaipur",2025-04-19,Markram,66,5,3,124
"Sawai Mansingh Stadium, Jaipur",2025-04-19,Pooran,11,2,0,21
"Sawai Mansingh Stadium, Jaipur",2025-04-19,Pant (c & wk),3,0,0,3
"Sawai Mansingh Stadium, Jaipur",2025-04-19,Ayush Badoni,50,5,1,94
"Sawai Mansingh Stadium, Jaipur",2025-04-19,David Miller,7,0,0,7
"Sawai Mansingh Stadium, Jaipur",2025-04-19,Abdul Samad,30,0,4,62
"Sawai Mansingh Stadium, Jaipur",2025-04-19,Jofra Archer,4,1,0,9
"Sawai Mansingh Stadium, Jaipur",2025-04-19,M Theekshana,4,0,0,4
"Sawai Mansingh Stadium, Jaipur",2025-04-19,Sandeep Sharma,4,1,0,9
"Sawai Mansingh Stadium, Jaipur",2025-04-19,Tushar Deshpande,4,1,0,9
"Sawai Mansingh Stadium, Jaipur",2025-04-19,W Hasaranga,4,2,0,14
"Sawai Mansingh Stadium, Jaipur",2025-04-19,Yashasvi Jaiswal,74,5,4,139
"Sawai Mansingh Stadium, Jaipur",2025-04-19,Vaibhav Suryavanshi,34,2,3,69
"Sawai Mansingh Stadium, Jaipur",2025-04-19,Nitish Rana,8,0,1,15
"Sawai Mansingh Stadium, Jaipur",2025-04-19,Riyan Parag (c),39,3,2,72
"Sawai Mansingh Stadium, Jaipur",2025-04-19,Dhruv Jurel (wk),6,0,0,6
"Sawai Mansingh Stadium, Jaipur",2025-04-19,Shimron Hetmyer,12,2,0,22
"Sawai Mansingh Stadium, Jaipur",2025-04-19,Shubham Dubey,3,0,0,3
"Sawai Mansingh Stadium, Jaipur",2025-04-19,Shardul Thakur,3,1,0,8
"Sawai Mansingh Stadium, Jaipur",2025-04-19,Avesh Khan,4,3,0,19
"Sawai Mansingh Stadium, Jaipur",2025-04-19,Digvesh Singh Rathi,4,0,0,4
"Sawai Mansingh Stadium, Jaipur",2025-04-19,Aiden Markram,2,1,0,7
"Sawai Mansingh Stadium, Jaipur",2025-04-19,Prince Yadav,4,0,0,4
"Sawai Mansingh Stadium, Jaipur",2025-04-19,Ravi Bishnoi,3,0,0,3
"Eden Gardens, Kolkata",2025-04-21,Sai Sudharsan,52,6,1,101
"Eden Gardens, Kolkata",2025-04-21,Shubman Gill (c),90,10,3,185
"Eden Gardens, Kolkata",2025-04-21,Jos Buttler (wk),41,8,0,85
"Eden Gardens, Kolkata",2025-04-21,Rahul Tewatia,0,0,0,-2
"Eden Gardens, Kolkata",2025-04-21,Shahrukh Khan,11,0,1,18
"Eden Gardens, Kolkata",2025-04-21,Vaibhav Arora,4,1,0,9
"Eden Gardens, Kolkata",2025-04-21,Moeen,3,0,0,3
"Eden Gardens, Kolkata",2025-04-21,Harshit Rana,4,1,0,9
"Eden Gardens, Kolkata",2025-04-21,Varun Chakaravarthy,4,0,0,4
"Eden Gardens, Kolkata",2025-04-21,Narine,4,0,1,11
"Eden Gardens, Kolkata",2025-04-21,Russell,1,1,0,6
"Eden Gardens, Kolkata",2025-04-21,Rahmanullah Gurbaz (wk),1,0,0,1
"Eden Gardens, Kolkata",2025-04-21,Sunil Narine,17,2,1,34
"Eden Gardens, Kolkata",2025-04-21,Ajinkya Rahane (c),50,5,1,94
"Eden Gardens, Kolkata",2025-04-21,Venkatesh Iyer,14,0,0,14
"Eden Gardens, Kolkata",2025-04-21,Rinku Singh,17,1,1,29
"Eden Gardens, Kolkata",2025-04-21,Andre Russell,21,3,1,43
"Eden Gardens, Kolkata",2025-04-21,Ramandeep Singh,1,0,0,1
"Eden Gardens, Kolkata",2025-04-21,Moeen Ali,0,0,0,-2
"Eden Gardens, Kolkata",2025-04-21,Angkrish Raghuvanshi,27,3,1,53
"Eden Gardens, Kolkata",2025-04-21,Harshit Rana,1,0,0,1
"Eden Gardens, Kolkata",2025-04-21,Mohammed Siraj,4,1,0,9
"Eden Gardens, Kolkata",2025-04-21,Ishant Sharma,2,1,0,7
"Eden Gardens, Kolkata",2025-04-21,Prasidh Krishna,4,2,0,14
"Eden Gardens, Kolkata",2025-04-21,Rashid Khan,4,2,0,14
"Eden Gardens, Kolkata",2025-04-21,Washington Sundar,3,1,0,8
"Eden Gardens, Kolkata",2025-04-21,Ravisrinivasan Sai Kishore,3,1,0,8
"M.Chinnaswamy Stadium, Bengaluru",2025-04-24,Phil Salt,26,4,0,50
"M.Chinnaswamy Stadium, Bengaluru",2025-04-24,Kohli,70,8,2,136
"M.Chinnaswamy Stadium, Bengaluru",2025-04-24,Padikkal,50,4,3,103
"M.Chinnaswamy Stadium, Bengaluru",2025-04-24,Tim David,23,2,1,40
"M.Chinnaswamy Stadium, Bengaluru",2025-04-24,Rajat Patidar (c),1,0,0,1
"M.Chinnaswamy Stadium, Bengaluru",2025-04-24,Jitesh Sharma (wk),20,4,0,40
"M.Chinnaswamy Stadium, Bengaluru",2025-04-24,Jofra Archer,4,1,0,9
"M.Chinnaswamy Stadium, Bengaluru",2025-04-24,Fazalhaq Farooqi,3,0,0,3
"M.Chinnaswamy Stadium, Bengaluru",2025-04-24,Tushar Deshpande,2,0,0,2
"M.Chinnaswamy Stadium, Bengaluru",2025-04-24,Sandeep Sharma,4,2,0,14
"M.Chinnaswamy Stadium, Bengaluru",2025-04-24,W Hasaranga,4,1,0,9
"M.Chinnaswamy Stadium, Bengaluru",2025-04-24,Riyan Parag (c),3,0,0,3
"M.Chinnaswamy Stadium, Bengaluru",2025-04-24,Yashasvi Jaiswal,49,7,3,109
"M.Chinnaswamy Stadium, Bengaluru",2025-04-24,Vaibhav Suryavanshi,16,0,2,30
"M.Chinnaswamy Stadium, Bengaluru",2025-04-24,Nitish Rana,28,3,1,54
"M.Chinnaswamy Stadium, Bengaluru",2025-04-24,Riyan Parag (c),22,2,2,46
"M.Chinnaswamy Stadium, Bengaluru",2025-04-24,Dhruv Jurel (wk),47,3,3,87
"M.Chinnaswamy Stadium, Bengaluru",2025-04-24,Shimron Hetmyer,11,1,0,16
"M.Chinnaswamy Stadium, Bengaluru",2025-04-24,Shubham Dubey,12,1,1,24
"M.Chinnaswamy Stadium, Bengaluru",2025-04-24,Jofra Archer,0,0,0,-2
"M.Chinnaswamy Stadium, Bengaluru",2025-04-24,Wanindu Hasaranga,1,0,0,1
"M.Chinnaswamy Stadium, Bengaluru",2025-04-24,Tushar Deshpande,1,0,0,1
"M.Chinnaswamy Stadium, Bengaluru",2025-04-24,Fazalhaq Farooqi,2,0,0,2
"M.Chinnaswamy Stadium, Bengaluru",2025-04-24,Bhuvneshwar Kumar,4,1,0,9
"M.Chinnaswamy Stadium, Bengaluru",2025-04-24,Yash Dayal,3,1,0,8
"M.Chinnaswamy Stadium, Bengaluru",2025-04-24,Josh Hazlewood,4,4,0,24
"M.Chinnaswamy Stadium, Bengaluru",2025-04-24,Romario Shepherd,1,0,0,1
"M.Chinnaswamy Stadium, Bengaluru",2025-04-24,Suyash Sharma,4,0,0,4
"M.Chinnaswamy Stadium, Bengaluru",2025-04-24,Krunal Pandya,4,2,0,14
"Eden Gardens, Kolkata",2025-04-26,Priyansh Arya,69,8,4,149
"Eden Gardens, Kolkata",2025-04-26,Prabhsimran,83,6,6,179
"Eden Gardens, Kolkata",2025-04-26,Shreyas Iyer (c),25,1,1,41
"Eden Gardens, Kolkata",2025-04-26,Maxwell,7,1,0,12
"Eden Gardens, Kolkata",2025-04-26,Marco Jansen,3,0,0,3
"Eden Gardens, Kolkata",2025-04-26,Josh Inglis (wk),11,2,0,21
"Eden Gardens, Kolkata",2025-04-26,Vaibhav Arora,4,2,0,14
"Eden Gardens, Kolkata",2025-04-26,Chetan Sakariya,3,0,0,3
"Eden Gardens, Kolkata",2025-04-26,Harshit Rana,2,0,0,2
"Eden Gardens, Kolkata",2025-04-26,Varun Chakaravarthy,4,1,0,9
"Eden Gardens, Kolkata",2025-04-26,Narine,4,0,1,11
"Eden Gardens, Kolkata",2025-04-26,Russell,3,1,0,8
"Eden Gardens, Kolkata",2025-04-26,Rahmanullah Gurbaz (wk),1,0,0,1
"Eden Gardens, Kolkata",2025-04-26,Sunil Narine,4,1,0,9
"Eden Gardens, Kolkata",2025-04-26,Marco Jansen,1,0,0,1
"Eden Gardens, Kolkata",2025-04-26,Arshdeep Singh,0,0,0,-2
"Wankhede Stadium, Mumbai",2025-04-27,Rickelton (wk),58,6,4,128
"Wankhede Stadium, Mumbai",2025-04-27,Rohit,12,0,2,26
"Wankhede Stadium, Mumbai",2025-04-27,Will Jacks,29,3,1,55
"Wankhede Stadium, Mumbai",2025-04-27,Suryakumar Yadav,54,4,4,114
"Wankhede Stadium, Mumbai",2025-04-27,Tilak Varma,6,1,0,11
"Wankhede Stadium, Mumbai",2025-04-27,Hardik Pandya (c),5,0,0,5
"Wankhede Stadium, Mumbai",2025-04-27,Naman Dhir,25,2,2,53
"Wankhede Stadium, Mumbai",2025-04-27,Corbin Bosch,20,2,1,37
"Wankhede Stadium, Mumbai",2025-04-27,D Chahar,1,0,0,1
"Wankhede Stadium, Mumbai",2025-04-27,Mayank Yadav,4,2,0,14
"Wankhede Stadium, Mumbai",2025-04-27,Prince Yadav,4,1,0,9
"Wankhede Stadium, Mumbai",2025-04-27,Digvesh Rathi,4,1,0,9
"Wankhede Stadium, Mumbai",2025-04-27,Ravi Bishnoi,4,1,0,9
"Wankhede Stadium, Mumbai",2025-04-27,Avesh Khan,4,2,0,14
"Wankhede Stadium, Mumbai",2025-04-27,Mitchell Marsh,34,3,2,67
"Wankhede Stadium, Mumbai",2025-04-27,Aiden Markram,9,2,0,19
"Wankhede Stadium, Mumbai",2025-04-27,Nicholas Pooran,27,1,3,57
"Wankhede Stadium, Mumbai",2025-04-27,Rishabh Pant (c & wk),4,1,0,9
"Wankhede Stadium, Mumbai",2025-04-27,Ayush Badoni,35,2,2,63
"Wankhede Stadium, Mumbai",2025-04-27,David Miller,24,3,0,39
"Wankhede Stadium, Mumbai",2025-04-27,Abdul Samad,2,0,0,2
"Wankhede Stadium, Mumbai",2025-04-27,Ravi Bishnoi,13,0,2,27
"Wankhede Stadium, Mumbai",2025-04-27,Avesh Khan,0,0,0,-2
"Wankhede Stadium, Mumbai",2025-04-27,Prince Yadav,4,0,0,4
"Wankhede Stadium, Mumbai",2025-04-27,Digvesh Singh Rathi,1,0,0,1
"Wankhede Stadium, Mumbai",2025-04-27,Trent Boult,4,3,0,19
"Wankhede Stadium, Mumbai",2025-04-27,Deepak Chahar,3,0,1,10
"Wankhede Stadium, Mumbai",2025-04-27,Jasprit Bumrah,4,4,0,24
"Wankhede Stadium, Mumbai",2025-04-27,Will Jacks,2,2,0,12
"Wankhede Stadium, Mumbai",2025-04-27,Karn Sharma,2,0,0,2
"Wankhede Stadium, Mumbai",2025-04-27,Hardik Pandya (c),1,0,0,1
"Wankhede Stadium, Mumbai",2025-04-27,Corbin Bosch,4,1,0,9
"Arun Jaitley Stadium, Delhi",2025-04-29,Gurbaz (wk),26,5,1,62
"Arun Jaitley Stadium, Delhi",2025-04-29,Narine,27,2,2,55
"Arun Jaitley Stadium, Delhi",2025-04-29,Ajinkya Rahane (c),26,4,1,57
"Arun Jaitley Stadium, Delhi",2025-04-29,Angkrish Raghuvanshi,44,3,2,77
"Arun Jaitley Stadium, Delhi",2025-04-29,Venkatesh Iyer,7,1,0,12
"Arun Jaitley Stadium, Delhi",2025-04-29,Rinku Singh,36,3,1,62
"Arun Jaitley Stadium, Delhi",2025-04-29,Russell,17,2,1,34
"Arun Jaitley Stadium, Delhi",2025-04-29,Rovman Powell,5,1,0,10
"Arun Jaitley Stadium, Delhi",2025-04-29,Anukul Roy,0,0,0,-2
"Arun Jaitley Stadium, Delhi",2025-04-29,Harshit Rana,0,0,0,-2
"Arun Jaitley Stadium, Delhi",2025-04-29,Varun Chakaravarthy,1,0,0,1
"Arun Jaitley Stadium, Delhi",2025-04-29,Mitchell Starc,4,3,0,19
"Arun Jaitley Stadium, Delhi",2025-04-29,Chameera,3,1,0,8
"Arun Jaitley Stadium, Delhi",2025-04-29,Mukesh Kumar,2,0,0,2
"Arun Jaitley Stadium, Delhi",2025-04-29,Vipraj Nigam,4,2,1,21
"Arun Jaitley Stadium, Delhi",2025-04-29,Axar (c),4,2,0,14
"Arun Jaitley Stadium, Delhi",2025-04-29,Kuldeep Yadav,3,0,0,3
"Arun Jaitley Stadium, Delhi",2025-04-29,Abishek Porel (wk),4,1,0,9
"Arun Jaitley Stadium, Delhi",2025-04-29,Faf du Plessis,62,7,2,123
"Arun Jaitley Stadium, Delhi",2025-04-29,Karun Nair,15,2,0,25
"Arun Jaitley Stadium, Delhi",2025-04-29,KL Rahul,7,1,0,12
"Arun Jaitley Stadium, Delhi",2025-04-29,Axar Patel (c),43,4,3,88
"Arun Jaitley Stadium, Delhi",2025-04-29,Tristan Stubbs,1,0,0,1
"Arun Jaitley Stadium, Delhi",2025-04-29,Vipraj Nigam,38,5,2,81
"Arun Jaitley Stadium, Delhi",2025-04-29,Ashutosh Sharma,7,0,1,14
"Arun Jaitley Stadium, Delhi",2025-04-29,Mitchell Starc,0,0,0,-2
"Arun Jaitley Stadium, Delhi",2025-04-29,Dushmantha Chameera,2,0,0,2
"Arun Jaitley Stadium, Delhi",2025-04-29,Kuldeep Yadav,1,0,0,1
"Arun Jaitley Stadium, Delhi",2025-04-29,Anukul Roy,4,1,0,9
"Arun Jaitley Stadium, Delhi",2025-04-29,Vaibhav Arora,2,1,0,7
"Arun Jaitley Stadium, Delhi",2025-04-29,Harshit Rana,4,0,0,4
"Arun Jaitley Stadium, Delhi",2025-04-29,Varun Chakaravarthy,4,2,0,14
"Arun Jaitley Stadium, Delhi",2025-04-29,Sunil Narine,4,3,0,19
"Arun Jaitley Stadium, Delhi",2025-04-29,Andre Russell,2,1,1,14
