venue,date,batter_name,runs,fours,sixes
"Eden Gardens, Kolkata",2025-03-22,de Kock (wk),4,1,0
"Eden Gardens, Kolkata",2025-03-22,Narine,44,5,3
"Eden Gardens, Kolkata",2025-03-22,Ajinkya Rahane (c),56,6,4
"Eden Gardens, Kolkata",2025-03-22,Venkatesh Iyer,6,1,0
"Eden Gardens, Kolkata",2025-03-22,Angkrish Raghuvanshi,30,2,1
"Eden Gardens, Kolkata",2025-03-22,Rinku Singh,12,1,0
"Eden Gardens, Kolkata",2025-03-22,Russell,4,1,0
"Eden Gardens, Kolkata",2025-03-22,Ramandeep Singh,6,0,0
"Eden Gardens, Kolkata",2025-03-22,Harshit Rana,5,1,0
"Eden Gardens, Kolkata",2025-03-22,Spencer Johnson,1,0,0
"Eden Gardens, Kolkata",2025-03-22,Hazlewood,4,2,0
"Eden Gardens, Kolkata",2025-03-22,Yash Dayal,3,1,0
"Eden Gardens, Kolkata",2025-03-22,Rasikh Salam,3,1,0
"Eden Gardens, Kolkata",2025-03-22,Krunal Pandya,4,3,0
"Eden Gardens, Kolkata",2025-03-22,Suyash Sharma,4,1,0
"Eden Gardens, Kolkata",2025-03-22,Livingstone,2,0,0
"Eden Gardens, Kolkata",2025-03-22,Philip Salt,56,9,2
"Eden Gardens, Kolkata",2025-03-22,Virat Kohli,59,4,3
"Eden Gardens, Kolkata",2025-03-22,Devdutt Padikkal,10,1,0
"Eden Gardens, Kolkata",2025-03-22,Rajat Patidar (c),34,5,1
"Eden Gardens, Kolkata",2025-03-22,Liam Livingstone,15,2,1
"Eden Gardens, Kolkata",2025-03-22,Vaibhav Arora,3,1,0
"Eden Gardens, Kolkata",2025-03-22,Spencer Johnson,2.2,0,0
"Eden Gardens, Kolkata",2025-03-22,Varun Chakaravarthy,4,1,0
"Eden Gardens, Kolkata",2025-03-22,Harshit Rana,3,0,0
"Eden Gardens, Kolkata",2025-03-22,Sunil Narine,4,1,0
"Rajiv Gandhi International Stadium, Hyderabad",2025-03-23,Abhishek Sharma,24,5,0
"Rajiv Gandhi International Stadium, Hyderabad",2025-03-23,Head,67,9,3
"Rajiv Gandhi International Stadium, Hyderabad",2025-03-23,Ishan Kishan,106,11,6
"Rajiv Gandhi International Stadium, Hyderabad",2025-03-23,Nitish Reddy,30,4,1
"Rajiv Gandhi International Stadium, Hyderabad",2025-03-23,Klaasen (wk),34,5,1
"Rajiv Gandhi International Stadium, Hyderabad",2025-03-23,Aniket Verma,7,0,1
"Rajiv Gandhi International Stadium, Hyderabad",2025-03-23,Abhinav Manohar,0,0,0
"Rajiv Gandhi International Stadium, Hyderabad",2025-03-23,Cummins (c),0,0,0
"Rajiv Gandhi International Stadium, Hyderabad",2025-03-23,Fazalhaq Farooqi,3,0,0
"Rajiv Gandhi International Stadium, Hyderabad",2025-03-23,M Theekshana,4,2,2
"Rajiv Gandhi International Stadium, Hyderabad",2025-03-23,Jofra Archer,4,0,1
"Rajiv Gandhi International Stadium, Hyderabad",2025-03-23,Sandeep Sharma,4,1,0
"Rajiv Gandhi International Stadium, Hyderabad",2025-03-23,Nitish Rana,1,0,0
"Rajiv Gandhi International Stadium, Hyderabad",2025-03-23,Tushar Deshpande,4,3,0
"Rajiv Gandhi International Stadium, Hyderabad",2025-03-23,Yashasvi Jaiswal,1,0,0
"Rajiv Gandhi International Stadium, Hyderabad",2025-03-23,Sanju Samson,66,7,4
"Rajiv Gandhi International Stadium, Hyderabad",2025-03-23,Riyan Parag (c),4,1,0
"Rajiv Gandhi International Stadium, Hyderabad",2025-03-23,Nitish Rana,11,2,0
"Rajiv Gandhi International Stadium, Hyderabad",2025-03-23,Dhruv Jurel (wk),70,5,6
"Rajiv Gandhi International Stadium, Hyderabad",2025-03-23,Shimron Hetmyer,42,1,4
"Rajiv Gandhi International Stadium, Hyderabad",2025-03-23,Shubham Dubey,34,1,4
"Rajiv Gandhi International Stadium, Hyderabad",2025-03-23,Jofra Archer,1,0,0
"Rajiv Gandhi International Stadium, Hyderabad",2025-03-23,Mohammed Shami,3,1,0
"Rajiv Gandhi International Stadium, Hyderabad",2025-03-23,Simarjeet Singh,3,2,1
"Rajiv Gandhi International Stadium, Hyderabad",2025-03-23,Pat Cummins (c),4,0,1
"Rajiv Gandhi International Stadium, Hyderabad",2025-03-23,Abhishek Sharma,2,0,0
"Rajiv Gandhi International Stadium, Hyderabad",2025-03-23,Adam Zampa,4,1,0
"Rajiv Gandhi International Stadium, Hyderabad",2025-03-23,Harshal Patel,4,2,0
"MA Chidambaram Stadium, Chennai",2025-03-23,Rohit,0,0,0
"MA Chidambaram Stadium, Chennai",2025-03-23,Rickelton (wk),13,3,0
"MA Chidambaram Stadium, Chennai",2025-03-23,Will Jacks,11,2,0
"MA Chidambaram Stadium, Chennai",2025-03-23,Suryakumar Yadav (c),29,2,1
"MA Chidambaram Stadium, Chennai",2025-03-23,Tilak Varma,31,2,2
"MA Chidambaram Stadium, Chennai",2025-03-23,Robin Minz,3,0,0
"MA Chidambaram Stadium, Chennai",2025-03-23,Naman Dhir,17,1,0
"MA Chidambaram Stadium, Chennai",2025-03-23,Santner,11,1,0
"MA Chidambaram Stadium, Chennai",2025-03-23,D Chahar,28,2,2
"MA Chidambaram Stadium, Chennai",2025-03-23,Boult,1,0,0
"MA Chidambaram Stadium, Chennai",2025-03-23,Satyanarayana Raju,1,0,0
"MA Chidambaram Stadium, Chennai",2025-03-23,Khaleel Ahmed,4,3,1
"MA Chidambaram Stadium, Chennai",2025-03-23,Sam Curran,1,0,0
"MA Chidambaram Stadium, Chennai",2025-03-23,Nathan Ellis,4,1,0
"MA Chidambaram Stadium, Chennai",2025-03-23,Ashwin,4,1,0
"MA Chidambaram Stadium, Chennai",2025-03-23,Ravindra Jadeja,3,0,0
"MA Chidambaram Stadium, Chennai",2025-03-23,Noor Ahmad,4,4,0
"MA Chidambaram Stadium, Chennai",2025-03-23,Rachin Ravindra,65,2,4
"MA Chidambaram Stadium, Chennai",2025-03-23,Rahul Tripathi,2,0,0
"MA Chidambaram Stadium, Chennai",2025-03-23,Ruturaj Gaikwad (c),53,6,3
"MA Chidambaram Stadium, Chennai",2025-03-23,Shivam Dube,9,0,1
"MA Chidambaram Stadium, Chennai",2025-03-23,Deepak Hooda,3,0,0
"MA Chidambaram Stadium, Chennai",2025-03-23,Sam Curran,4,0,0
"MA Chidambaram Stadium, Chennai",2025-03-23,Ravindra Jadeja,17,1,0
"MA Chidambaram Stadium, Chennai",2025-03-23,MS Dhoni (wk),0,0,0
"MA Chidambaram Stadium, Chennai",2025-03-23,Trent Boult,3,0,0
"MA Chidambaram Stadium, Chennai",2025-03-23,Deepak Chahar,2,1,0
"MA Chidambaram Stadium, Chennai",2025-03-23,Satyanarayana Raju,1,0,0
"MA Chidambaram Stadium, Chennai",2025-03-23,Mitchell Santner,2.1,0,0
"MA Chidambaram Stadium, Chennai",2025-03-23,Will Jacks,4,1,0
"MA Chidambaram Stadium, Chennai",2025-03-23,Vignesh Puthur,4,3,0
"MA Chidambaram Stadium, Chennai",2025-03-23,Naman Dhir,3,0,0
"Dr. Y.S. Rajasekhara Reddy ACA-VDCA Cricket Stadium, Visakhapatnam",2025-03-24,Markram,15,1,1
"Dr. Y.S. Rajasekhara Reddy ACA-VDCA Cricket Stadium, Visakhapatnam",2025-03-24,Mitchell Marsh,72,6,6
"Dr. Y.S. Rajasekhara Reddy ACA-VDCA Cricket Stadium, Visakhapatnam",2025-03-24,Pooran,75,6,7
"Dr. Y.S. Rajasekhara Reddy ACA-VDCA Cricket Stadium, Visakhapatnam",2025-03-24,Pant (c & wk),0,0,0
"Dr. Y.S. Rajasekhara Reddy ACA-VDCA Cricket Stadium, Visakhapatnam",2025-03-24,David Miller,27,1,2
"Dr. Y.S. Rajasekhara Reddy ACA-VDCA Cricket Stadium, Visakhapatnam",2025-03-24,Ayush Badoni,4,0,0
"Dr. Y.S. Rajasekhara Reddy ACA-VDCA Cricket Stadium, Visakhapatnam",2025-03-24,Thakur,0,0,0
"Dr. Y.S. Rajasekhara Reddy ACA-VDCA Cricket Stadium, Visakhapatnam",2025-03-24,Shahbaz Ahmed,9,1,0
"Dr. Y.S. Rajasekhara Reddy ACA-VDCA Cricket Stadium, Visakhapatnam",2025-03-24,Ravi Bishnoi,0,0,0
"Dr. Y.S. Rajasekhara Reddy ACA-VDCA Cricket Stadium, Visakhapatnam",2025-03-24,Digvesh Rathi,0,0,0
"Dr. Y.S. Rajasekhara Reddy ACA-VDCA Cricket Stadium, Visakhapatnam",2025-03-24,Mitchell Starc,4,3,0
"Dr. Y.S. Rajasekhara Reddy ACA-VDCA Cricket Stadium, Visakhapatnam",2025-03-24,Axar (c),3,0,0
"Dr. Y.S. Rajasekhara Reddy ACA-VDCA Cricket Stadium, Visakhapatnam",2025-03-24,Vipraj Nigam,2,1,0
"Dr. Y.S. Rajasekhara Reddy ACA-VDCA Cricket Stadium, Visakhapatnam",2025-03-24,Mukesh Kumar,2,1,0
"Dr. Y.S. Rajasekhara Reddy ACA-VDCA Cricket Stadium, Visakhapatnam",2025-03-24,Kuldeep Yadav,4,2,0
"Dr. Y.S. Rajasekhara Reddy ACA-VDCA Cricket Stadium, Visakhapatnam",2025-03-24,Mohit Sharma,4,0,1
"Dr. Y.S. Rajasekhara Reddy ACA-VDCA Cricket Stadium, Visakhapatnam",2025-03-24,Stubbs,1,0,0
"Dr. Y.S. Rajasekhara Reddy ACA-VDCA Cricket Stadium, Visakhapatnam",2025-03-24,Jake Fraser-McGurk,1,0,0
"Dr. Y.S. Rajasekhara Reddy ACA-VDCA Cricket Stadium, Visakhapatnam",2025-03-24,Faf du Plessis,29,3,2
"Dr. Y.S. Rajasekhara Reddy ACA-VDCA Cricket Stadium, Visakhapatnam",2025-03-24,Abishek Porel (wk),0,0,0
"Dr. Y.S. Rajasekhara Reddy ACA-VDCA Cricket Stadium, Visakhapatnam",2025-03-24,Sameer Rizvi,4,1,0
"Dr. Y.S. Rajasekhara Reddy ACA-VDCA Cricket Stadium, Visakhapatnam",2025-03-24,Axar Patel (c),22,3,1
"Dr. Y.S. Rajasekhara Reddy ACA-VDCA Cricket Stadium, Visakhapatnam",2025-03-24,Tristan Stubbs,34,1,3
"Dr. Y.S. Rajasekhara Reddy ACA-VDCA Cricket Stadium, Visakhapatnam",2025-03-24,Ashutosh Sharma,66,5,5
"Dr. Y.S. Rajasekhara Reddy ACA-VDCA Cricket Stadium, Visakhapatnam",2025-03-24,Vipraj Nigam,39,5,2
"Dr. Y.S. Rajasekhara Reddy ACA-VDCA Cricket Stadium, Visakhapatnam",2025-03-24,Mitchell Starc,2,0,0
"Dr. Y.S. Rajasekhara Reddy ACA-VDCA Cricket Stadium, Visakhapatnam",2025-03-24,Kuldeep Yadav,5,1,0
"Dr. Y.S. Rajasekhara Reddy ACA-VDCA Cricket Stadium, Visakhapatnam",2025-03-24,Mohit Sharma,1,0,0
"Dr. Y.S. Rajasekhara Reddy ACA-VDCA Cricket Stadium, Visakhapatnam",2025-03-24,Shardul Thakur,2,2,0
"Dr. Y.S. Rajasekhara Reddy ACA-VDCA Cricket Stadium, Visakhapatnam",2025-03-24,Manimaran Siddharth,4,2,0
"Dr. Y.S. Rajasekhara Reddy ACA-VDCA Cricket Stadium, Visakhapatnam",2025-03-24,Digvesh Rathi,4,2,0
"Dr. Y.S. Rajasekhara Reddy ACA-VDCA Cricket Stadium, Visakhapatnam",2025-03-24,Ravi Bishnoi,4,2,0
"Dr. Y.S. Rajasekhara Reddy ACA-VDCA Cricket Stadium, Visakhapatnam",2025-03-24,Prince Yadav,4,0,0
"Dr. Y.S. Rajasekhara Reddy ACA-VDCA Cricket Stadium, Visakhapatnam",2025-03-24,Shahbaz Ahmed,1.3,0,0
"Narendra Modi Stadium, Ahmedabad",2025-03-25,Priyansh Arya,47,7,2
"Narendra Modi Stadium, Ahmedabad",2025-03-25,Prabhsimran (wk),5,1,0
"Narendra Modi Stadium, Ahmedabad",2025-03-25,Shreyas Iyer (c),97,5,9
"Narendra Modi Stadium, Ahmedabad",2025-03-25,Azmatullah,16,2,1
"Narendra Modi Stadium, Ahmedabad",2025-03-25,Maxwell,0,0,0
"Narendra Modi Stadium, Ahmedabad",2025-03-25,Stoinis,20,1,2
"Narendra Modi Stadium, Ahmedabad",2025-03-25,Shashank Singh,44,6,2
"Narendra Modi Stadium, Ahmedabad",2025-03-25,Siraj,4,0,0
"Narendra Modi Stadium, Ahmedabad",2025-03-25,Rabada,4,1,0
"Narendra Modi Stadium, Ahmedabad",2025-03-25,Arshad Khan,1,0,0
"Narendra Modi Stadium, Ahmedabad",2025-03-25,Rashid Khan,4,1,0
"Narendra Modi Stadium, Ahmedabad",2025-03-25,Prasidh,3,0,0
"Narendra Modi Stadium, Ahmedabad",2025-03-25,Sai Kishore,4,3,0
"Narendra Modi Stadium, Ahmedabad",2025-03-25,Sai Sudharsan,74,5,6
"Narendra Modi Stadium, Ahmedabad",2025-03-25,Shubman Gill (c),33,2,3
"Narendra Modi Stadium, Ahmedabad",2025-03-25,Jos Buttler (wk),54,4,2
"Narendra Modi Stadium, Ahmedabad",2025-03-25,Sherfane Rutherford,46,4,3
"Narendra Modi Stadium, Ahmedabad",2025-03-25,Rahul Tewatia,6,0,1
"Narendra Modi Stadium, Ahmedabad",2025-03-25,Shahrukh Khan,6,0,1
"Narendra Modi Stadium, Ahmedabad",2025-03-25,Arshad Khan,1,0,0
"Narendra Modi Stadium, Ahmedabad",2025-03-25,Arshdeep Singh,4,2,0
"Narendra Modi Stadium, Ahmedabad",2025-03-25,Azmatullah Omarzai,2,0,0
"Narendra Modi Stadium, Ahmedabad",2025-03-25,Marco Jansen,4,1,0
"Narendra Modi Stadium, Ahmedabad",2025-03-25,Glenn Maxwell,2,1,0
"Narendra Modi Stadium, Ahmedabad",2025-03-25,Marcus Stoinis,2,0,0
"Narendra Modi Stadium, Ahmedabad",2025-03-25,Yuzvendra Chahal,3,0,0
"Narendra Modi Stadium, Ahmedabad",2025-03-25,Vijaykumar Vyshak,3,0,0
"Barsapara Cricket Stadium, Guwahati",2025-03-26,Yashasvi Jaiswal,29,2,2
"Barsapara Cricket Stadium, Guwahati",2025-03-26,Samson,13,2,0
"Barsapara Cricket Stadium, Guwahati",2025-03-26,Riyan Parag (c),25,0,3
"Barsapara Cricket Stadium, Guwahati",2025-03-26,Nitish Rana,8,0,0
"Barsapara Cricket Stadium, Guwahati",2025-03-26,W Hasaranga,4,0,0
"Barsapara Cricket Stadium, Guwahati",2025-03-26,Dhruv Jurel (wk),33,5,0
"Barsapara Cricket Stadium, Guwahati",2025-03-26,Shubham Dubey,9,1,0
"Barsapara Cricket Stadium, Guwahati",2025-03-26,Hetmyer,7,1,0
"Barsapara Cricket Stadium, Guwahati",2025-03-26,Jofra Archer,16,0,2
"Barsapara Cricket Stadium, Guwahati",2025-03-26,M Theekshana,1,0,0
"Barsapara Cricket Stadium, Guwahati",2025-03-26,Tushar Deshpande,2,0,0
"Barsapara Cricket Stadium, Guwahati",2025-03-26,Spencer Johnson,4,1,0
"Barsapara Cricket Stadium, Guwahati",2025-03-26,Vaibhav Arora,4,2,0
"Barsapara Cricket Stadium, Guwahati",2025-03-26,Harshit Rana,4,2,0
"Barsapara Cricket Stadium, Guwahati",2025-03-26,Moeen,4,2,0
"Barsapara Cricket Stadium, Guwahati",2025-03-26,Varun Chakaravarthy,4,2,0
"Barsapara Cricket Stadium, Guwahati",2025-03-26,Moeen Ali,5,0,0
"Barsapara Cricket Stadium, Guwahati",2025-03-26,Quinton de Kock (wk),97,8,6
"Barsapara Cricket Stadium, Guwahati",2025-03-26,Ajinkya Rahane (c),18,1,1
"Barsapara Cricket Stadium, Guwahati",2025-03-26,Angkrish Raghuvanshi,22,2,0
"Barsapara Cricket Stadium, Guwahati",2025-03-26,Jofra Archer,2.3,0,0
"Barsapara Cricket Stadium, Guwahati",2025-03-26,Maheesh Theekshana,4,0,0
"Barsapara Cricket Stadium, Guwahati",2025-03-26,Riyan Parag (c),4,0,0
"Barsapara Cricket Stadium, Guwahati",2025-03-26,Sandeep Sharma,2,0,0
"Barsapara Cricket Stadium, Guwahati",2025-03-26,Wanindu Hasaranga,3,1,0
"Barsapara Cricket Stadium, Guwahati",2025-03-26,Nitish Rana,1,0,0
"Barsapara Cricket Stadium, Guwahati",2025-03-26,Tushar Deshpande,1,0,0
"Rajiv Gandhi International Stadium, Hyderabad",2025-03-27,Head,47,5,3
"Rajiv Gandhi International Stadium, Hyderabad",2025-03-27,Abhishek Sharma,6,1,0
"Rajiv Gandhi International Stadium, Hyderabad",2025-03-27,Ishan Kishan,0,0,0
"Rajiv Gandhi International Stadium, Hyderabad",2025-03-27,Nitish Reddy,32,2,0
"Rajiv Gandhi International Stadium, Hyderabad",2025-03-27,Klaasen (wk),26,2,1
"Rajiv Gandhi International Stadium, Hyderabad",2025-03-27,Aniket Verma,36,0,5
"Rajiv Gandhi International Stadium, Hyderabad",2025-03-27,Abhinav Manohar,2,0,0
"Rajiv Gandhi International Stadium, Hyderabad",2025-03-27,Cummins (c),18,0,3
"Rajiv Gandhi International Stadium, Hyderabad",2025-03-27,Harshal Patel,12,0,0
"Rajiv Gandhi International Stadium, Hyderabad",2025-03-27,Shami,1,0,0
"Rajiv Gandhi International Stadium, Hyderabad",2025-03-27,Simarjeet Singh,3,0,0
"Rajiv Gandhi International Stadium, Hyderabad",2025-03-27,Thakur,4,4,0
"Rajiv Gandhi International Stadium, Hyderabad",2025-03-27,Avesh Khan,4,1,0
"Rajiv Gandhi International Stadium, Hyderabad",2025-03-27,Digvesh Rathi,4,1,1
"Rajiv Gandhi International Stadium, Hyderabad",2025-03-27,Ravi Bishnoi,4,1,0
"Rajiv Gandhi International Stadium, Hyderabad",2025-03-27,Prince Yadav,4,1,0
"Rajiv Gandhi International Stadium, Hyderabad",2025-03-27,Mitchell Marsh,52,7,2
"Rajiv Gandhi International Stadium, Hyderabad",2025-03-27,Aiden Markram,1,0,0
"Rajiv Gandhi International Stadium, Hyderabad",2025-03-27,Nicholas Pooran,70,6,6
"Rajiv Gandhi International Stadium, Hyderabad",2025-03-27,Rishabh Pant (c & wk),15,0,1
"Rajiv Gandhi International Stadium, Hyderabad",2025-03-27,Ayush Badoni,6,1,0
"Rajiv Gandhi International Stadium, Hyderabad",2025-03-27,David Miller,13,2,0
"Rajiv Gandhi International Stadium, Hyderabad",2025-03-27,Abdul Samad,22,2,2
"Rajiv Gandhi International Stadium, Hyderabad",2025-03-27,Abhishek Sharma,2,0,0
"Rajiv Gandhi International Stadium, Hyderabad",2025-03-27,Mohammed Shami,3,1,0
"Rajiv Gandhi International Stadium, Hyderabad",2025-03-27,Simarjeet Singh,2,0,0
"Rajiv Gandhi International Stadium, Hyderabad",2025-03-27,Pat Cummins (c),3,2,0
"Rajiv Gandhi International Stadium, Hyderabad",2025-03-27,Adam Zampa,4,1,0
"Rajiv Gandhi International Stadium, Hyderabad",2025-03-27,Harshal Patel,2,1,0
"Rajiv Gandhi International Stadium, Hyderabad",2025-03-27,Ishan Kishan,0.1,0,0
"MA Chidambaram Stadium, Chennai",2025-03-28,Phil Salt,32,5,1
"MA Chidambaram Stadium, Chennai",2025-03-28,Kohli,31,2,1
"MA Chidambaram Stadium, Chennai",2025-03-28,Padikkal,27,2,2
"MA Chidambaram Stadium, Chennai",2025-03-28,Rajat Patidar (c),51,4,3
"MA Chidambaram Stadium, Chennai",2025-03-28,Livingstone,10,0,1
"MA Chidambaram Stadium, Chennai",2025-03-28,Jitesh Sharma (wk),12,1,1
"MA Chidambaram Stadium, Chennai",2025-03-28,Tim David,22,1,3
"MA Chidambaram Stadium, Chennai",2025-03-28,Krunal Pandya,0,0,0
"MA Chidambaram Stadium, Chennai",2025-03-28,Bhuvneshwar,0,0,0
"MA Chidambaram Stadium, Chennai",2025-03-28,Khaleel Ahmed,4,1,0
"MA Chidambaram Stadium, Chennai",2025-03-28,Ashwin,2,1,0
"MA Chidambaram Stadium, Chennai",2025-03-28,Sam Curran,3,0,0
"MA Chidambaram Stadium, Chennai",2025-03-28,Noor Ahmad,4,3,0
"MA Chidambaram Stadium, Chennai",2025-03-28,Ravindra Jadeja,3,0,0
"MA Chidambaram Stadium, Chennai",2025-03-28,Matheesha Pathirana,4,2,0
"MA Chidambaram Stadium, Chennai",2025-03-28,Rachin Ravindra,41,5,0
"MA Chidambaram Stadium, Chennai",2025-03-28,Rahul Tripathi,5,1,0
"MA Chidambaram Stadium, Chennai",2025-03-28,Ruturaj Gaikwad (c),0,0,0
"MA Chidambaram Stadium, Chennai",2025-03-28,Deepak Hooda,4,1,0
"MA Chidambaram Stadium, Chennai",2025-03-28,Sam Curran,8,0,0
"MA Chidambaram Stadium, Chennai",2025-03-28,Shivam Dube,19,2,1
"MA Chidambaram Stadium, Chennai",2025-03-28,Ravindra Jadeja,25,2,1
"MA Chidambaram Stadium, Chennai",2025-03-28,Ravichandran Ashwin,11,1,0
"MA Chidambaram Stadium, Chennai",2025-03-28,MS Dhoni (wk),30,3,2
"MA Chidambaram Stadium, Chennai",2025-03-28,Noor Ahmad,0,0,0
"MA Chidambaram Stadium, Chennai",2025-03-28,Bhuvneshwar Kumar,3,1,0
"MA Chidambaram Stadium, Chennai",2025-03-28,Josh Hazlewood,4,3,0
"MA Chidambaram Stadium, Chennai",2025-03-28,Yash Dayal,3,2,0
"MA Chidambaram Stadium, Chennai",2025-03-28,Liam Livingstone,4,2,0
"MA Chidambaram Stadium, Chennai",2025-03-28,Suyash Sharma,4,0,0
"MA Chidambaram Stadium, Chennai",2025-03-28,Krunal Pandya,2,0,0
"Narendra Modi Stadium, Ahmedabad",2025-03-29,Sai Sudharsan,63,4,2
"Narendra Modi Stadium, Ahmedabad",2025-03-29,Shubman Gill (c),38,4,1
"Narendra Modi Stadium, Ahmedabad",2025-03-29,Jos Buttler (wk),39,5,1
"Narendra Modi Stadium, Ahmedabad",2025-03-29,Shahrukh Khan,9,0,1
"Narendra Modi Stadium, Ahmedabad",2025-03-29,Sherfane Rutherford,18,0,2
"Narendra Modi Stadium, Ahmedabad",2025-03-29,Rahul Tewatia,0,0,0
"Narendra Modi Stadium, Ahmedabad",2025-03-29,Rashid Khan,6,0,1
"Narendra Modi Stadium, Ahmedabad",2025-03-29,Rabada,7,0,1
"Narendra Modi Stadium, Ahmedabad",2025-03-29,Sai Kishore,1,0,0
"Narendra Modi Stadium, Ahmedabad",2025-03-29,Boult,4,1,0
"Narendra Modi Stadium, Ahmedabad",2025-03-29,D Chahar,4,1,0
"Narendra Modi Stadium, Ahmedabad",2025-03-29,Mujeeb,2,1,0
"Narendra Modi Stadium, Ahmedabad",2025-03-29,Hardik Pandya (c),4,2,0
"Narendra Modi Stadium, Ahmedabad",2025-03-29,Santner,3,0,0
"Narendra Modi Stadium, Ahmedabad",2025-03-29,Satyanarayana Raju,3,1,0
"Narendra Modi Stadium, Ahmedabad",2025-03-29,Rohit Sharma,8,2,0
"Narendra Modi Stadium, Ahmedabad",2025-03-29,Ryan Rickelton (wk),6,1,0
"Narendra Modi Stadium, Ahmedabad",2025-03-29,Tilak Varma,39,3,1
"Narendra Modi Stadium, Ahmedabad",2025-03-29,Suryakumar Yadav,48,1,4
"Narendra Modi Stadium, Ahmedabad",2025-03-29,Robin Minz,3,0,0
"Narendra Modi Stadium, Ahmedabad",2025-03-29,Hardik Pandya (c),11,1,0
"Narendra Modi Stadium, Ahmedabad",2025-03-29,Naman Dhir,18,3,0
"Narendra Modi Stadium, Ahmedabad",2025-03-29,Mitchell Santner,18,1,2
"Narendra Modi Stadium, Ahmedabad",2025-03-29,Mohammed Siraj,4,2,0
"Narendra Modi Stadium, Ahmedabad",2025-03-29,Kagiso Rabada,4,1,0
"Narendra Modi Stadium, Ahmedabad",2025-03-29,Ishant Sharma,2,0,0
"Narendra Modi Stadium, Ahmedabad",2025-03-29,Rashid Khan,2,0,0
"Narendra Modi Stadium, Ahmedabad",2025-03-29,Ravisrinivasan Sai Kishore,4,1,0
"Narendra Modi Stadium, Ahmedabad",2025-03-29,Prasidh Krishna,4,2,0
"Dr. Y.S. Rajasekhara Reddy ACA-VDCA Cricket Stadium, Visakhapatnam",2025-03-30,Abhishek Sharma,1,0,0
"Dr. Y.S. Rajasekhara Reddy ACA-VDCA Cricket Stadium, Visakhapatnam",2025-03-30,Head,22,4,0
"Dr. Y.S. Rajasekhara Reddy ACA-VDCA Cricket Stadium, Visakhapatnam",2025-03-30,Ishan Kishan,2,0,0
"Dr. Y.S. Rajasekhara Reddy ACA-VDCA Cricket Stadium, Visakhapatnam",2025-03-30,Nitish Reddy,0,0,0
"Dr. Y.S. Rajasekhara Reddy ACA-VDCA Cricket Stadium, Visakhapatnam",2025-03-30,Aniket Verma,74,5,6
"Dr. Y.S. Rajasekhara Reddy ACA-VDCA Cricket Stadium, Visakhapatnam",2025-03-30,Klaasen (wk),32,2,2
"Dr. Y.S. Rajasekhara Reddy ACA-VDCA Cricket Stadium, Visakhapatnam",2025-03-30,Abhinav Manohar,4,0,0
"Dr. Y.S. Rajasekhara Reddy ACA-VDCA Cricket Stadium, Visakhapatnam",2025-03-30,Cummins (c),2,0,0
"Dr. Y.S. Rajasekhara Reddy ACA-VDCA Cricket Stadium, Visakhapatnam",2025-03-30,Mulder,9,1,0
"Dr. Y.S. Rajasekhara Reddy ACA-VDCA Cricket Stadium, Visakhapatnam",2025-03-30,Harshal Patel,5,0,0
"Dr. Y.S. Rajasekhara Reddy ACA-VDCA Cricket Stadium, Visakhapatnam",2025-03-30,Shami,1,0,0
"Dr. Y.S. Rajasekhara Reddy ACA-VDCA Cricket Stadium, Visakhapatnam",2025-03-30,Mitchell Starc,3.4,5,1
"Dr. Y.S. Rajasekhara Reddy ACA-VDCA Cricket Stadium, Visakhapatnam",2025-03-30,Mukesh Kumar,2,0,0
"Dr. Y.S. Rajasekhara Reddy ACA-VDCA Cricket Stadium, Visakhapatnam",2025-03-30,Axar (c),4,0,0
"Dr. Y.S. Rajasekhara Reddy ACA-VDCA Cricket Stadium, Visakhapatnam",2025-03-30,Vipraj Nigam,2,0,1
"Dr. Y.S. Rajasekhara Reddy ACA-VDCA Cricket Stadium, Visakhapatnam",2025-03-30,Mohit Sharma,3,1,0
"Dr. Y.S. Rajasekhara Reddy ACA-VDCA Cricket Stadium, Visakhapatnam",2025-03-30,Kuldeep Yadav,4,3,0
"Dr. Y.S. Rajasekhara Reddy ACA-VDCA Cricket Stadium, Visakhapatnam",2025-03-30,Jake Fraser-McGurk,38,4,2
"Dr. Y.S. Rajasekhara Reddy ACA-VDCA Cricket Stadium, Visakhapatnam",2025-03-30,Faf du Plessis,50,3,3
"Dr. Y.S. Rajasekhara Reddy ACA-VDCA Cricket Stadium, Visakhapatnam",2025-03-30,Abishek Porel,34,2,2
"Dr. Y.S. Rajasekhara Reddy ACA-VDCA Cricket Stadium, Visakhapatnam",2025-03-30,KL Rahul (wk),15,2,1
"Dr. Y.S. Rajasekhara Reddy ACA-VDCA Cricket Stadium, Visakhapatnam",2025-03-30,Tristan Stubbs,21,3,0
"Dr. Y.S. Rajasekhara Reddy ACA-VDCA Cricket Stadium, Visakhapatnam",2025-03-30,Mohammed Shami,3,0,0
"Dr. Y.S. Rajasekhara Reddy ACA-VDCA Cricket Stadium, Visakhapatnam",2025-03-30,Abhishek Sharma,3,0,0
"Dr. Y.S. Rajasekhara Reddy ACA-VDCA Cricket Stadium, Visakhapatnam",2025-03-30,Pat Cummins (c),2,0,0
"Dr. Y.S. Rajasekhara Reddy ACA-VDCA Cricket Stadium, Visakhapatnam",2025-03-30,Harshal Patel,3,0,0
"Dr. Y.S. Rajasekhara Reddy ACA-VDCA Cricket Stadium, Visakhapatnam",2025-03-30,Zeeshan Ansari,4,3,0
"Dr. Y.S. Rajasekhara Reddy ACA-VDCA Cricket Stadium, Visakhapatnam",2025-03-30,Wiaan Mulder,1,0,0
"Barsapara Cricket Stadium, Guwahati",2025-03-30,Yashasvi Jaiswal,4,1,0
"Barsapara Cricket Stadium, Guwahati",2025-03-30,Samson,20,1,1
"Barsapara Cricket Stadium, Guwahati",2025-03-30,Nitish Rana,81,10,5
"Barsapara Cricket Stadium, Guwahati",2025-03-30,Riyan Parag (c),37,2,2
"Barsapara Cricket Stadium, Guwahati",2025-03-30,Dhruv Jurel (wk),3,0,0
"Barsapara Cricket Stadium, Guwahati",2025-03-30,W Hasaranga,4,0,0
"Barsapara Cricket Stadium, Guwahati",2025-03-30,Hetmyer,19,1,1
"Barsapara Cricket Stadium, Guwahati",2025-03-30,Jofra Archer,0,0,0
"Barsapara Cricket Stadium, Guwahati",2025-03-30,Kumar Kartikeya,1,0,0
"Barsapara Cricket Stadium, Guwahati",2025-03-30,M Theekshana,2,0,0
"Barsapara Cricket Stadium, Guwahati",2025-03-30,Tushar Deshpande,1,0,0
"Barsapara Cricket Stadium, Guwahati",2025-03-30,Khaleel Ahmed,4,2,0
"Barsapara Cricket Stadium, Guwahati",2025-03-30,Jamie Overton,2,0,0
"Barsapara Cricket Stadium, Guwahati",2025-03-30,Ashwin,4,1,0
"Barsapara Cricket Stadium, Guwahati",2025-03-30,Noor Ahmad,4,2,0
"Barsapara Cricket Stadium, Guwahati",2025-03-30,Matheesha Pathirana,4,2,0
"Barsapara Cricket Stadium, Guwahati",2025-03-30,Ravindra Jadeja,2,1,0
"Barsapara Cricket Stadium, Guwahati",2025-03-30,Rachin Ravindra,0,0,0
"Barsapara Cricket Stadium, Guwahati",2025-03-30,Rahul Tripathi,23,3,1
"Barsapara Cricket Stadium, Guwahati",2025-03-30,Ruturaj Gaikwad (c),63,7,1
"Barsapara Cricket Stadium, Guwahati",2025-03-30,Shivam Dube,18,1,2
"Barsapara Cricket Stadium, Guwahati",2025-03-30,Vijay Shankar,9,0,1
"Barsapara Cricket Stadium, Guwahati",2025-03-30,Ravindra Jadeja,32,2,1
"Barsapara Cricket Stadium, Guwahati",2025-03-30,MS Dhoni (wk),16,1,1
"Barsapara Cricket Stadium, Guwahati",2025-03-30,Jamie Overton,11,0,1
"Barsapara Cricket Stadium, Guwahati",2025-03-30,Jofra Archer,3,1,0
"Barsapara Cricket Stadium, Guwahati",2025-03-30,Tushar Deshpande,4,0,0
"Barsapara Cricket Stadium, Guwahati",2025-03-30,Sandeep Sharma,4,1,0
"Barsapara Cricket Stadium, Guwahati",2025-03-30,Maheesh Theekshana,4,0,0
"Barsapara Cricket Stadium, Guwahati",2025-03-30,Wanindu Hasaranga,4,4,0
"Barsapara Cricket Stadium, Guwahati",2025-03-30,Kumar Kartikeya,1,0,0
"Wankhede Stadium, Mumbai",2025-03-31,de Kock (wk),1,0,0
"Wankhede Stadium, Mumbai",2025-03-31,Narine,0,0,0
"Wankhede Stadium, Mumbai",2025-03-31,Ajinkya Rahane (c),11,1,1
"Wankhede Stadium, Mumbai",2025-03-31,Angkrish Raghuvanshi,26,3,1
"Wankhede Stadium, Mumbai",2025-03-31,Venkatesh Iyer,3,0,0
"Wankhede Stadium, Mumbai",2025-03-31,Rinku Singh,17,1,1
"Wankhede Stadium, Mumbai",2025-03-31,Manish Pandey,19,2,1
"Wankhede Stadium, Mumbai",2025-03-31,Russell,5,1,0
"Wankhede Stadium, Mumbai",2025-03-31,Ramandeep Singh,22,1,2
"Wankhede Stadium, Mumbai",2025-03-31,Harshit Rana,4,0,0
"Wankhede Stadium, Mumbai",2025-03-31,Spencer Johnson,1,0,0
"Wankhede Stadium, Mumbai",2025-03-31,Boult,4,1,0
"Wankhede Stadium, Mumbai",2025-03-31,D Chahar,2,2,0
"Wankhede Stadium, Mumbai",2025-03-31,Ashwani Kumar,3,4,1
"Wankhede Stadium, Mumbai",2025-03-31,Hardik Pandya (c),2,1,0
"Wankhede Stadium, Mumbai",2025-03-31,Vignesh Puthur,2,1,0
"Wankhede Stadium, Mumbai",2025-03-31,Santner,3.2,1,0
"Wankhede Stadium, Mumbai",2025-03-31,Rohit Sharma,13,0,1
"Wankhede Stadium, Mumbai",2025-03-31,Ryan Rickelton (wk),62,4,5
"Wankhede Stadium, Mumbai",2025-03-31,Will Jacks,16,0,1
"Wankhede Stadium, Mumbai",2025-03-31,Suryakumar Yadav,27,3,2
"Wankhede Stadium, Mumbai",2025-03-31,Spencer Johnson,2,0,0
"Wankhede Stadium, Mumbai",2025-03-31,Harshit Rana,2,0,1
"Wankhede Stadium, Mumbai",2025-03-31,Varun Chakaravarthy,3,0,0
"Wankhede Stadium, Mumbai",2025-03-31,Andre Russell,2.5,2,1
"Wankhede Stadium, Mumbai",2025-03-31,Sunil Narine,3,0,0
"Bharat Ratna Shri Atal Bihari Vajpayee Ekana Cricket Stadium, Lucknow",2025-04-01,Markram,28,4,1
"Bharat Ratna Shri Atal Bihari Vajpayee Ekana Cricket Stadium, Lucknow",2025-04-01,Mitchell Marsh,0,0,0
"Bharat Ratna Shri Atal Bihari Vajpayee Ekana Cricket Stadium, Lucknow",2025-04-01,Pooran,44,5,2
"Bharat Ratna Shri Atal Bihari Vajpayee Ekana Cricket Stadium, Lucknow",2025-04-01,Pant (c & wk),2,0,0
"Bharat Ratna Shri Atal Bihari Vajpayee Ekana Cricket Stadium, Lucknow",2025-04-01,Ayush Badoni,41,1,3
"Bharat Ratna Shri Atal Bihari Vajpayee Ekana Cricket Stadium, Lucknow",2025-04-01,David Miller,19,3,0
"Bharat Ratna Shri Atal Bihari Vajpayee Ekana Cricket Stadium, Lucknow",2025-04-01,Abdul Samad,27,2,2
"Bharat Ratna Shri Atal Bihari Vajpayee Ekana Cricket Stadium, Lucknow",2025-04-01,Thakur,3,0,0
"Bharat Ratna Shri Atal Bihari Vajpayee Ekana Cricket Stadium, Lucknow",2025-04-01,Avesh Khan,0,0,0
"Bharat Ratna Shri Atal Bihari Vajpayee Ekana Cricket Stadium, Lucknow",2025-04-01,Arshdeep Singh,4,3,0
"Bharat Ratna Shri Atal Bihari Vajpayee Ekana Cricket Stadium, Lucknow",2025-04-01,Lockie Ferguson,3,1,0
"Bharat Ratna Shri Atal Bihari Vajpayee Ekana Cricket Stadium, Lucknow",2025-04-01,Maxwell,3,1,0
"Bharat Ratna Shri Atal Bihari Vajpayee Ekana Cricket Stadium, Lucknow",2025-04-01,Marco Jansen,4,1,0
"Bharat Ratna Shri Atal Bihari Vajpayee Ekana Cricket Stadium, Lucknow",2025-04-01,Stoinis,2,0,0
"Bharat Ratna Shri Atal Bihari Vajpayee Ekana Cricket Stadium, Lucknow",2025-04-01,Chahal,4,1,0
"Bharat Ratna Shri Atal Bihari Vajpayee Ekana Cricket Stadium, Lucknow",2025-04-01,Priyansh Arya,8,1,0
"Bharat Ratna Shri Atal Bihari Vajpayee Ekana Cricket Stadium, Lucknow",2025-04-01,Prabhsimran Singh (wk),69,9,3
"Bharat Ratna Shri Atal Bihari Vajpayee Ekana Cricket Stadium, Lucknow",2025-04-01,Shreyas Iyer (c),52,3,4
"Bharat Ratna Shri Atal Bihari Vajpayee Ekana Cricket Stadium, Lucknow",2025-04-01,Nehal Wadhera,43,3,4
"Bharat Ratna Shri Atal Bihari Vajpayee Ekana Cricket Stadium, Lucknow",2025-04-01,Shardul Thakur,3,0,0
"Bharat Ratna Shri Atal Bihari Vajpayee Ekana Cricket Stadium, Lucknow",2025-04-01,Avesh Khan,3,0,0
"Bharat Ratna Shri Atal Bihari Vajpayee Ekana Cricket Stadium, Lucknow",2025-04-01,Digvesh Singh Rathi,4,2,0
"Bharat Ratna Shri Atal Bihari Vajpayee Ekana Cricket Stadium, Lucknow",2025-04-01,Ravi Bishnoi,3,0,0
"Bharat Ratna Shri Atal Bihari Vajpayee Ekana Cricket Stadium, Lucknow",2025-04-01,Manimaran Siddharth,3,0,0
"Bharat Ratna Shri Atal Bihari Vajpayee Ekana Cricket Stadium, Lucknow",2025-04-01,Abdul Samad,0.2,0,0
"M.Chinnaswamy Stadium, Bengaluru",2025-04-02,Phil Salt,14,1,1
"M.Chinnaswamy Stadium, Bengaluru",2025-04-02,Kohli,7,1,0
"M.Chinnaswamy Stadium, Bengaluru",2025-04-02,Padikkal,4,1,0
"M.Chinnaswamy Stadium, Bengaluru",2025-04-02,Rajat Patidar (c),12,2,0
"M.Chinnaswamy Stadium, Bengaluru",2025-04-02,Livingstone,54,1,5
"M.Chinnaswamy Stadium, Bengaluru",2025-04-02,Jitesh Sharma (wk),33,5,1
"M.Chinnaswamy Stadium, Bengaluru",2025-04-02,Krunal Pandya,5,1,0
"M.Chinnaswamy Stadium, Bengaluru",2025-04-02,Tim David,32,3,2
"M.Chinnaswamy Stadium, Bengaluru",2025-04-02,Bhuvneshwar,1,0,0
"M.Chinnaswamy Stadium, Bengaluru",2025-04-02,Siraj,4,3,0
"M.Chinnaswamy Stadium, Bengaluru",2025-04-02,Arshad Khan,2,1,0
"M.Chinnaswamy Stadium, Bengaluru",2025-04-02,Prasidh,4,1,0
"M.Chinnaswamy Stadium, Bengaluru",2025-04-02,Ishant,2,1,0
"M.Chinnaswamy Stadium, Bengaluru",2025-04-02,Sai Kishore,4,2,0
"M.Chinnaswamy Stadium, Bengaluru",2025-04-02,Rashid Khan,4,0,0
"M.Chinnaswamy Stadium, Bengaluru",2025-04-02,Sai Sudharsan,49,7,1
"M.Chinnaswamy Stadium, Bengaluru",2025-04-02,Shubman Gill (c),14,1,1
"M.Chinnaswamy Stadium, Bengaluru",2025-04-02,Jos Buttler (wk),73,5,6
"M.Chinnaswamy Stadium, Bengaluru",2025-04-02,Sherfane Rutherford,30,1,3
"M.Chinnaswamy Stadium, Bengaluru",2025-04-02,Bhuvneshwar Kumar,4,1,0
"M.Chinnaswamy Stadium, Bengaluru",2025-04-02,Josh Hazlewood,3.5,1,0
"M.Chinnaswamy Stadium, Bengaluru",2025-04-02,Yash Dayal,3,0,0
"M.Chinnaswamy Stadium, Bengaluru",2025-04-02,Rasikh Dar Salam,3,0,0
"M.Chinnaswamy Stadium, Bengaluru",2025-04-02,Krunal Pandya,3,0,0
"M.Chinnaswamy Stadium, Bengaluru",2025-04-02,Liam Livingstone,1,0,0
"Eden Gardens, Kolkata",2025-04-03,de Kock (wk),1,0,0
"Eden Gardens, Kolkata",2025-04-03,Narine,7,0,1
"Eden Gardens, Kolkata",2025-04-03,Ajinkya Rahane (c),38,1,4
"Eden Gardens, Kolkata",2025-04-03,Angkrish Raghuvanshi,50,5,2
"Eden Gardens, Kolkata",2025-04-03,Venkatesh Iyer,60,7,3
"Eden Gardens, Kolkata",2025-04-03,Rinku Singh,32,4,1
"Eden Gardens, Kolkata",2025-04-03,Russell,1,0,0
"Eden Gardens, Kolkata",2025-04-03,Shami,4,1,0
"Eden Gardens, Kolkata",2025-04-03,Cummins (c),4,1,0
"Eden Gardens, Kolkata",2025-04-03,Simarjeet Singh,4,0,0
"Eden Gardens, Kolkata",2025-04-03,Zeeshan Ansari,3,1,0
"Eden Gardens, Kolkata",2025-04-03,Harshal Patel,4,1,0
"Eden Gardens, Kolkata",2025-04-03,Kamindu Mendis,1,1,0
"Eden Gardens, Kolkata",2025-04-03,Travis Head,4,1,0
"Eden Gardens, Kolkata",2025-04-03,Abhishek Sharma,2,0,0
"Eden Gardens, Kolkata",2025-04-03,Ishan Kishan,2,0,0
"Eden Gardens, Kolkata",2025-04-03,Nitish Kumar Reddy,19,2,1
"Eden Gardens, Kolkata",2025-04-03,Kamindu Mendis,27,1,2
"Eden Gardens, Kolkata",2025-04-03,Heinrich Klaasen (wk),33,2,2
"Eden Gardens, Kolkata",2025-04-03,Aniket Verma,6,1,0
"Eden Gardens, Kolkata",2025-04-03,Pat Cummins (c),14,2,0
"Eden Gardens, Kolkata",2025-04-03,Harshal Patel,3,0,0
"Eden Gardens, Kolkata",2025-04-03,Simarjeet Singh,0,0,0
"Eden Gardens, Kolkata",2025-04-03,Mohammed Shami,2,0,0
"Eden Gardens, Kolkata",2025-04-03,Vaibhav Arora,4,3,0
"Eden Gardens, Kolkata",2025-04-03,Harshit Rana,3,1,0
"Eden Gardens, Kolkata",2025-04-03,Varun Chakaravarthy,4,3,0
"Eden Gardens, Kolkata",2025-04-03,Andre Russell,1.4,2,0
"Eden Gardens, Kolkata",2025-04-03,Sunil Narine,4,1,0
"Bharat Ratna Shri Atal Bihari Vajpayee Ekana Cricket Stadium, Lucknow",2025-04-04,Mitchell Marsh,60,9,2
"Bharat Ratna Shri Atal Bihari Vajpayee Ekana Cricket Stadium, Lucknow",2025-04-04,Markram,53,2,4
"Bharat Ratna Shri Atal Bihari Vajpayee Ekana Cricket Stadium, Lucknow",2025-04-04,Pooran,12,1,1
"Bharat Ratna Shri Atal Bihari Vajpayee Ekana Cricket Stadium, Lucknow",2025-04-04,Pant (c & wk),2,0,0
"Bharat Ratna Shri Atal Bihari Vajpayee Ekana Cricket Stadium, Lucknow",2025-04-04,Ayush Badoni,30,4,0
"Bharat Ratna Shri Atal Bihari Vajpayee Ekana Cricket Stadium, Lucknow",2025-04-04,David Miller,27,3,1
"Bharat Ratna Shri Atal Bihari Vajpayee Ekana Cricket Stadium, Lucknow",2025-04-04,Abdul Samad,4,1,0
"Bharat Ratna Shri Atal Bihari Vajpayee Ekana Cricket Stadium, Lucknow",2025-04-04,Thakur,5,1,0
"Bharat Ratna Shri Atal Bihari Vajpayee Ekana Cricket Stadium, Lucknow",2025-04-04,Akash Deep,0,0,0
"Bharat Ratna Shri Atal Bihari Vajpayee Ekana Cricket Stadium, Lucknow",2025-04-04,Avesh Khan,2,0,0
"Bharat Ratna Shri Atal Bihari Vajpayee Ekana Cricket Stadium, Lucknow",2025-04-04,Boult,3,1,0
"Bharat Ratna Shri Atal Bihari Vajpayee Ekana Cricket Stadium, Lucknow",2025-04-04,D Chahar,2,0,0
"Bharat Ratna Shri Atal Bihari Vajpayee Ekana Cricket Stadium, Lucknow",2025-04-04,Ashwani Kumar,3,1,0
"Bharat Ratna Shri Atal Bihari Vajpayee Ekana Cricket Stadium, Lucknow",2025-04-04,Santner,4,0,0
"Bharat Ratna Shri Atal Bihari Vajpayee Ekana Cricket Stadium, Lucknow",2025-04-04,Vignesh Puthur,4,1,0
"Bharat Ratna Shri Atal Bihari Vajpayee Ekana Cricket Stadium, Lucknow",2025-04-04,Hardik Pandya (c),4,5,0
"Bharat Ratna Shri Atal Bihari Vajpayee Ekana Cricket Stadium, Lucknow",2025-04-04,Will Jacks,5,0,0
"Bharat Ratna Shri Atal Bihari Vajpayee Ekana Cricket Stadium, Lucknow",2025-04-04,Ryan Rickelton (wk),10,2,0
"Bharat Ratna Shri Atal Bihari Vajpayee Ekana Cricket Stadium, Lucknow",2025-04-04,Naman Dhir,46,4,3
"Bharat Ratna Shri Atal Bihari Vajpayee Ekana Cricket Stadium, Lucknow",2025-04-04,Suryakumar Yadav,67,9,1
"Bharat Ratna Shri Atal Bihari Vajpayee Ekana Cricket Stadium, Lucknow",2025-04-04,Tilak Varma,25,2,0
"Bharat Ratna Shri Atal Bihari Vajpayee Ekana Cricket Stadium, Lucknow",2025-04-04,Hardik Pandya (c),28,2,1
"Bharat Ratna Shri Atal Bihari Vajpayee Ekana Cricket Stadium, Lucknow",2025-04-04,Mitchell Santner,2,0,0
"Bharat Ratna Shri Atal Bihari Vajpayee Ekana Cricket Stadium, Lucknow",2025-04-04,Shardul Thakur,4,1,0
"Bharat Ratna Shri Atal Bihari Vajpayee Ekana Cricket Stadium, Lucknow",2025-04-04,Akash Deep,4,1,0
"Bharat Ratna Shri Atal Bihari Vajpayee Ekana Cricket Stadium, Lucknow",2025-04-04,Avesh Khan,4,1,0
"Bharat Ratna Shri Atal Bihari Vajpayee Ekana Cricket Stadium, Lucknow",2025-04-04,Digvesh Singh Rathi,4,1,0
"Bharat Ratna Shri Atal Bihari Vajpayee Ekana Cricket Stadium, Lucknow",2025-04-04,Ravi Bishnoi,4,0,0
"MA Chidambaram Stadium, Chennai",2025-04-05,Jake Fraser-McGurk,0,0,0
"MA Chidambaram Stadium, Chennai",2025-04-05,Rahul (wk),77,6,3
"MA Chidambaram Stadium, Chennai",2025-04-05,Abishek Porel,33,4,1
"MA Chidambaram Stadium, Chennai",2025-04-05,Axar (c),21,2,1
"MA Chidambaram Stadium, Chennai",2025-04-05,Sameer Rizvi,20,1,1
"MA Chidambaram Stadium, Chennai",2025-04-05,Stubbs,24,2,1
"MA Chidambaram Stadium, Chennai",2025-04-05,Ashutosh Sharma,1,0,0
"MA Chidambaram Stadium, Chennai",2025-04-05,Vipraj Nigam,1,0,0
"MA Chidambaram Stadium, Chennai",2025-04-05,Khaleel Ahmed,4,2,0
"MA Chidambaram Stadium, Chennai",2025-04-05,Mukesh Choudhary,4,0,0
"MA Chidambaram Stadium, Chennai",2025-04-05,Ashwin,3,0,0
"MA Chidambaram Stadium, Chennai",2025-04-05,Ravindra Jadeja,2,1,0
"MA Chidambaram Stadium, Chennai",2025-04-05,Noor Ahmad,3,1,0
"MA Chidambaram Stadium, Chennai",2025-04-05,Matheesha Pathirana,4,1,0
"MA Chidambaram Stadium, Chennai",2025-04-05,Rachin Ravindra,3,0,0
"MA Chidambaram Stadium, Chennai",2025-04-05,Devon Conway,13,1,0
"MA Chidambaram Stadium, Chennai",2025-04-05,Ruturaj Gaikwad (c),5,1,0
"MA Chidambaram Stadium, Chennai",2025-04-05,Vijay Shankar,69,5,1
"MA Chidambaram Stadium, Chennai",2025-04-05,Shivam Dube,18,1,1
"MA Chidambaram Stadium, Chennai",2025-04-05,Ravindra Jadeja,2,0,0
"MA Chidambaram Stadium, Chennai",2025-04-05,MS Dhoni (wk),30,1,1
"MA Chidambaram Stadium, Chennai",2025-04-05,Mitchell Starc,4,1,1
"MA Chidambaram Stadium, Chennai",2025-04-05,Mukesh Kumar,4,1,0
"MA Chidambaram Stadium, Chennai",2025-04-05,Mohit Sharma,3,0,1
"MA Chidambaram Stadium, Chennai",2025-04-05,Vipraj Nigam,4,2,0
"MA Chidambaram Stadium, Chennai",2025-04-05,Kuldeep Yadav,4,1,0
"MA Chidambaram Stadium, Chennai",2025-04-05,Axar Patel (c),1,0,0
"Maharaja Yadavindra Singh International Cricket Stadium, Mullanpur, Chandigarh",2025-04-05,Yashasvi Jaiswal,67,3,5
"Maharaja Yadavindra Singh International Cricket Stadium, Mullanpur, Chandigarh",2025-04-05,Samson (c & wk),38,6,0
"Maharaja Yadavindra Singh International Cricket Stadium, Mullanpur, Chandigarh",2025-04-05,Riyan Parag,43,3,3
"Maharaja Yadavindra Singh International Cricket Stadium, Mullanpur, Chandigarh",2025-04-05,Nitish Rana,12,2,0
"Maharaja Yadavindra Singh International Cricket Stadium, Mullanpur, Chandigarh",2025-04-05,Hetmyer,20,2,1
"Maharaja Yadavindra Singh International Cricket Stadium, Mullanpur, Chandigarh",2025-04-05,Dhruv Jurel,13,1,1
"Maharaja Yadavindra Singh International Cricket Stadium, Mullanpur, Chandigarh",2025-04-05,Arshdeep Singh,4,1,0
"Maharaja Yadavindra Singh International Cricket Stadium, Mullanpur, Chandigarh",2025-04-05,Marco Jansen,4,1,0
"Maharaja Yadavindra Singh International Cricket Stadium, Mullanpur, Chandigarh",2025-04-05,Lockie Ferguson,4,2,0
"Maharaja Yadavindra Singh International Cricket Stadium, Mullanpur, Chandigarh",2025-04-05,Maxwell,1,0,0
"Maharaja Yadavindra Singh International Cricket Stadium, Mullanpur, Chandigarh",2025-04-05,Chahal,3,0,0
"Maharaja Yadavindra Singh International Cricket Stadium, Mullanpur, Chandigarh",2025-04-05,Stoinis,4,0,0
"Maharaja Yadavindra Singh International Cricket Stadium, Mullanpur, Chandigarh",2025-04-05,Priyansh Arya,0,0,0
"Maharaja Yadavindra Singh International Cricket Stadium, Mullanpur, Chandigarh",2025-04-05,Prabhsimran Singh (wk),17,2,0
"Maharaja Yadavindra Singh International Cricket Stadium, Mullanpur, Chandigarh",2025-04-05,Shreyas Iyer (c),10,2,0
"Maharaja Yadavindra Singh International Cricket Stadium, Mullanpur, Chandigarh",2025-04-05,Marcus Stoinis,1,0,0
"Maharaja Yadavindra Singh International Cricket Stadium, Mullanpur, Chandigarh",2025-04-05,Nehal Wadhera,62,4,3
"Maharaja Yadavindra Singh International Cricket Stadium, Mullanpur, Chandigarh",2025-04-05,Glenn Maxwell,30,3,1
"Maharaja Yadavindra Singh International Cricket Stadium, Mullanpur, Chandigarh",2025-04-05,Shashank Singh,10,0,0
"Maharaja Yadavindra Singh International Cricket Stadium, Mullanpur, Chandigarh",2025-04-05,Suryansh Shedge,2,0,0
"Maharaja Yadavindra Singh International Cricket Stadium, Mullanpur, Chandigarh",2025-04-05,Marco Jansen,3,0,0
"Maharaja Yadavindra Singh International Cricket Stadium, Mullanpur, Chandigarh",2025-04-05,Arshdeep Singh,1,0,0
"Maharaja Yadavindra Singh International Cricket Stadium, Mullanpur, Chandigarh",2025-04-05,Lockie Ferguson,4,1,0
"Maharaja Yadavindra Singh International Cricket Stadium, Mullanpur, Chandigarh",2025-04-05,Jofra Archer,4,3,0
"Maharaja Yadavindra Singh International Cricket Stadium, Mullanpur, Chandigarh",2025-04-05,Yudhvir Singh Charak,2,0,0
"Maharaja Yadavindra Singh International Cricket Stadium, Mullanpur, Chandigarh",2025-04-05,Sandeep Sharma,4,2,0
"Maharaja Yadavindra Singh International Cricket Stadium, Mullanpur, Chandigarh",2025-04-05,Maheesh Theekshana,4,2,0
"Maharaja Yadavindra Singh International Cricket Stadium, Mullanpur, Chandigarh",2025-04-05,Kumar Kartikeya,2,1,0
"Maharaja Yadavindra Singh International Cricket Stadium, Mullanpur, Chandigarh",2025-04-05,Wanindu Hasaranga,4,1,0
"Rajiv Gandhi International Stadium, Hyderabad",2025-04-06,Abhishek Sharma,18,4,0
"Rajiv Gandhi International Stadium, Hyderabad",2025-04-06,Head,8,2,0
"Rajiv Gandhi International Stadium, Hyderabad",2025-04-06,Ishan Kishan,17,2,0
"Rajiv Gandhi International Stadium, Hyderabad",2025-04-06,Nitish Reddy,31,3,0
"Rajiv Gandhi International Stadium, Hyderabad",2025-04-06,Klaasen (wk),27,2,1
"Rajiv Gandhi International Stadium, Hyderabad",2025-04-06,Aniket Verma,18,2,0
"Rajiv Gandhi International Stadium, Hyderabad",2025-04-06,Kamindu Mendis,1,0,0
"Rajiv Gandhi International Stadium, Hyderabad",2025-04-06,Cummins (c),22,3,1
"Rajiv Gandhi International Stadium, Hyderabad",2025-04-06,Simarjeet Singh,0,0,0
"Rajiv Gandhi International Stadium, Hyderabad",2025-04-06,Shami,6,1,0
"Rajiv Gandhi International Stadium, Hyderabad",2025-04-06,Siraj,4,4,0
"Rajiv Gandhi International Stadium, Hyderabad",2025-04-06,Ishant,4,0,0
"Rajiv Gandhi International Stadium, Hyderabad",2025-04-06,Prasidh,4,2,0
"Rajiv Gandhi International Stadium, Hyderabad",2025-04-06,Rashid Khan,4,0,0
"Rajiv Gandhi International Stadium, Hyderabad",2025-04-06,Sai Kishore,4,2,0
"Rajiv Gandhi International Stadium, Hyderabad",2025-04-06,Sai Sudharsan,5,0,0
"Rajiv Gandhi International Stadium, Hyderabad",2025-04-06,Shubman Gill (c),61,9,0
"Rajiv Gandhi International Stadium, Hyderabad",2025-04-06,Jos Buttler (wk),0,0,0
"Rajiv Gandhi International Stadium, Hyderabad",2025-04-06,Washington Sundar,49,5,2
"Rajiv Gandhi International Stadium, Hyderabad",2025-04-06,Sherfane Rutherford,35,6,1
"Rajiv Gandhi International Stadium, Hyderabad",2025-04-06,Mohammed Shami,4,2,0
"Rajiv Gandhi International Stadium, Hyderabad",2025-04-06,Pat Cummins (c),3.4,1,0
"Rajiv Gandhi International Stadium, Hyderabad",2025-04-06,Simarjeet Singh,1,0,0
"Rajiv Gandhi International Stadium, Hyderabad",2025-04-06,Jaydev Unadkat,2,0,0
"Rajiv Gandhi International Stadium, Hyderabad",2025-04-06,Zeeshan Ansari,4,0,0
"Rajiv Gandhi International Stadium, Hyderabad",2025-04-06,Kamindu Mendis,1,0,0
"Rajiv Gandhi International Stadium, Hyderabad",2025-04-06,Abhishek Sharma,1,0,0
"Wankhede Stadium, Mumbai",2025-04-07,Phil Salt,4,1,0
"Wankhede Stadium, Mumbai",2025-04-07,Kohli,67,8,2
"Wankhede Stadium, Mumbai",2025-04-07,Padikkal,37,2,3
"Wankhede Stadium, Mumbai",2025-04-07,Rajat Patidar (c),64,5,4
"Wankhede Stadium, Mumbai",2025-04-07,Livingstone,0,0,0
"Wankhede Stadium, Mumbai",2025-04-07,Jitesh Sharma (wk),40,2,4
"Wankhede Stadium, Mumbai",2025-04-07,Tim David,1,0,0
"Wankhede Stadium, Mumbai",2025-04-07,Boult,4,2,0
"Wankhede Stadium, Mumbai",2025-04-07,D Chahar,2,0,0
"Wankhede Stadium, Mumbai",2025-04-07,Bumrah,4,0,0
"Wankhede Stadium, Mumbai",2025-04-07,Will Jacks,1,0,0
"Wankhede Stadium, Mumbai",2025-04-07,Santner,4,0,0
"Wankhede Stadium, Mumbai",2025-04-07,Hardik Pandya (c),4,2,0
"Wankhede Stadium, Mumbai",2025-04-07,Vignesh Puthur,1,1,0
"Wankhede Stadium, Mumbai",2025-04-07,Rohit Sharma,17,2,1
"Wankhede Stadium, Mumbai",2025-04-07,Ryan Rickelton (wk),17,4,0
"Wankhede Stadium, Mumbai",2025-04-07,Will Jacks,22,2,1
"Wankhede Stadium, Mumbai",2025-04-07,Suryakumar Yadav,28,5,0
"Wankhede Stadium, Mumbai",2025-04-07,Tilak Varma,56,4,4
"Wankhede Stadium, Mumbai",2025-04-07,Hardik Pandya (c),42,3,4
"Wankhede Stadium, Mumbai",2025-04-07,Naman Dhir,11,1,1
"Wankhede Stadium, Mumbai",2025-04-07,Mitchell Santner,8,0,1
"Wankhede Stadium, Mumbai",2025-04-07,Deepak Chahar,0,0,0
"Wankhede Stadium, Mumbai",2025-04-07,Trent Boult,1,0,0
"Wankhede Stadium, Mumbai",2025-04-07,Jasprit Bumrah,0,0,0
"Wankhede Stadium, Mumbai",2025-04-07,Bhuvneshwar Kumar,4,1,0
"Wankhede Stadium, Mumbai",2025-04-07,Yash Dayal,4,2,0
"Wankhede Stadium, Mumbai",2025-04-07,Josh Hazlewood,4,2,0
"Wankhede Stadium, Mumbai",2025-04-07,Suyash Sharma,4,0,0
"Wankhede Stadium, Mumbai",2025-04-07,Krunal Pandya,4,4,0
"Eden Gardens, Kolkata",2025-04-08,Markram,47,4,2
"Eden Gardens, Kolkata",2025-04-08,Mitchell Marsh,81,6,5
"Eden Gardens, Kolkata",2025-04-08,Pooran,87,7,8
"Eden Gardens, Kolkata",2025-04-08,Abdul Samad,6,1,0
"Eden Gardens, Kolkata",2025-04-08,David Miller,4,0,0
"Eden Gardens, Kolkata",2025-04-08,Vaibhav Arora,4,0,0
"Eden Gardens, Kolkata",2025-04-08,Spencer Johnson,3,0,0
"Eden Gardens, Kolkata",2025-04-08,Varun Chakaravarthy,4,0,0
"Eden Gardens, Kolkata",2025-04-08,Harshit Rana,4,2,0
"Eden Gardens, Kolkata",2025-04-08,Narine,3,0,0
"Eden Gardens, Kolkata",2025-04-08,Russell,2,1,0
"Eden Gardens, Kolkata",2025-04-08,Quinton de Kock (wk),15,0,2
"Eden Gardens, Kolkata",2025-04-08,Sunil Narine,30,4,2
"Eden Gardens, Kolkata",2025-04-08,Ajinkya Rahane (c),61,8,2
"Eden Gardens, Kolkata",2025-04-08,Venkatesh Iyer,45,6,1
"Eden Gardens, Kolkata",2025-04-08,Ramandeep Singh,1,0,0
"Eden Gardens, Kolkata",2025-04-08,Angkrish Raghuvanshi,5,1,0
"Eden Gardens, Kolkata",2025-04-08,Andre Russell,7,0,1
"Eden Gardens, Kolkata",2025-04-08,Rinku Singh,38,6,2
"Eden Gardens, Kolkata",2025-04-08,Harshit Rana,10,2,0
"Eden Gardens, Kolkata",2025-04-08,Akash Deep,4,2,0
"Eden Gardens, Kolkata",2025-04-08,Shardul Thakur,4,2,0
"Eden Gardens, Kolkata",2025-04-08,Avesh Khan,4,1,0
"Eden Gardens, Kolkata",2025-04-08,Digvesh Singh Rathi,4,1,0
"Eden Gardens, Kolkata",2025-04-08,Ravi Bishnoi,4,1,0
"Maharaja Yadavindra Singh International Cricket Stadium, Mullanpur, Chandigarh",2025-04-08,Priyansh Arya,103,7,9
"Maharaja Yadavindra Singh International Cricket Stadium, Mullanpur, Chandigarh",2025-04-08,Prabhsimran (wk),0,0,0
"Maharaja Yadavindra Singh International Cricket Stadium, Mullanpur, Chandigarh",2025-04-08,Shreyas Iyer (c),9,0,1
"Maharaja Yadavindra Singh International Cricket Stadium, Mullanpur, Chandigarh",2025-04-08,Stoinis,4,0,0
"Maharaja Yadavindra Singh International Cricket Stadium, Mullanpur, Chandigarh",2025-04-08,Nehal Wadhera,9,0,1
"Maharaja Yadavindra Singh International Cricket Stadium, Mullanpur, Chandigarh",2025-04-08,Maxwell,1,0,0
"Maharaja Yadavindra Singh International Cricket Stadium, Mullanpur, Chandigarh",2025-04-08,Shashank Singh,52,2,3
"Maharaja Yadavindra Singh International Cricket Stadium, Mullanpur, Chandigarh",2025-04-08,Marco Jansen,34,2,2
"Maharaja Yadavindra Singh International Cricket Stadium, Mullanpur, Chandigarh",2025-04-08,Khaleel Ahmed,4,2,1
"Maharaja Yadavindra Singh International Cricket Stadium, Mullanpur, Chandigarh",2025-04-08,Mukesh Choudhary,2,1,0
"Maharaja Yadavindra Singh International Cricket Stadium, Mullanpur, Chandigarh",2025-04-08,Ashwin,4,2,0
"Maharaja Yadavindra Singh International Cricket Stadium, Mullanpur, Chandigarh",2025-04-08,Ravindra Jadeja,3,0,1
"Maharaja Yadavindra Singh International Cricket Stadium, Mullanpur, Chandigarh",2025-04-08,Noor Ahmad,3,1,0
"Maharaja Yadavindra Singh International Cricket Stadium, Mullanpur, Chandigarh",2025-04-08,Matheesha Pathirana,4,0,0
"Maharaja Yadavindra Singh International Cricket Stadium, Mullanpur, Chandigarh",2025-04-08,Rachin Ravindra,36,6,0
"Maharaja Yadavindra Singh International Cricket Stadium, Mullanpur, Chandigarh",2025-04-08,Devon Conway,69,6,2
"Maharaja Yadavindra Singh International Cricket Stadium, Mullanpur, Chandigarh",2025-04-08,Ruturaj Gaikwad (c),1,0,0
"Maharaja Yadavindra Singh International Cricket Stadium, Mullanpur, Chandigarh",2025-04-08,Shivam Dube,42,3,2
"Maharaja Yadavindra Singh International Cricket Stadium, Mullanpur, Chandigarh",2025-04-08,MS Dhoni (wk),27,1,3
"Maharaja Yadavindra Singh International Cricket Stadium, Mullanpur, Chandigarh",2025-04-08,Ravindra Jadeja,9,0,1
"Maharaja Yadavindra Singh International Cricket Stadium, Mullanpur, Chandigarh",2025-04-08,Vijay Shankar,2,0,0
"Maharaja Yadavindra Singh International Cricket Stadium, Mullanpur, Chandigarh",2025-04-08,Arshdeep Singh,4,0,0
"Maharaja Yadavindra Singh International Cricket Stadium, Mullanpur, Chandigarh",2025-04-08,Yash Thakur,4,1,0
"Maharaja Yadavindra Singh International Cricket Stadium, Mullanpur, Chandigarh",2025-04-08,Glenn Maxwell,2,1,0
"Maharaja Yadavindra Singh International Cricket Stadium, Mullanpur, Chandigarh",2025-04-08,Marco Jansen,4,0,1
"Maharaja Yadavindra Singh International Cricket Stadium, Mullanpur, Chandigarh",2025-04-08,Lockie Ferguson,4,2,0
"Maharaja Yadavindra Singh International Cricket Stadium, Mullanpur, Chandigarh",2025-04-08,Marcus Stoinis,1,0,0
"Maharaja Yadavindra Singh International Cricket Stadium, Mullanpur, Chandigarh",2025-04-08,Yuzvendra Chahal,1,0,0
"Narendra Modi Stadium, Ahmedabad",2025-04-09,Sai Sudharsan,82,8,3
"Narendra Modi Stadium, Ahmedabad",2025-04-09,Shubman Gill (c),2,0,0
"Narendra Modi Stadium, Ahmedabad",2025-04-09,Jos Buttler (wk),36,5,0
"Narendra Modi Stadium, Ahmedabad",2025-04-09,Shahrukh Khan,36,4,2
"Narendra Modi Stadium, Ahmedabad",2025-04-09,Sherfane Rutherford,7,0,1
"Narendra Modi Stadium, Ahmedabad",2025-04-09,Rahul Tewatia,24,2,2
"Narendra Modi Stadium, Ahmedabad",2025-04-09,Rashid Khan,12,1,1
"Narendra Modi Stadium, Ahmedabad",2025-04-09,Arshad Khan,0,0,0
"Narendra Modi Stadium, Ahmedabad",2025-04-09,Jofra Archer,4,1,0
"Narendra Modi Stadium, Ahmedabad",2025-04-09,Fazalhaq Farooqi,4,0,0
"Narendra Modi Stadium, Ahmedabad",2025-04-09,Tushar Deshpande,4,2,0
"Narendra Modi Stadium, Ahmedabad",2025-04-09,Sandeep Sharma,4,1,0
"Narendra Modi Stadium, Ahmedabad",2025-04-09,M Theekshana,4,2,0
"Narendra Modi Stadium, Ahmedabad",2025-04-09,Yashasvi Jaiswal,6,1,0
"Narendra Modi Stadium, Ahmedabad",2025-04-09,Sanju Samson (c & wk),41,4,2
"Narendra Modi Stadium, Ahmedabad",2025-04-09,Nitish Rana,1,0,0
"Narendra Modi Stadium, Ahmedabad",2025-04-09,Riyan Parag,26,1,3
"Narendra Modi Stadium, Ahmedabad",2025-04-09,Dhruv Jurel,5,1,0
"Narendra Modi Stadium, Ahmedabad",2025-04-09,Shimron Hetmyer,52,4,3
"Narendra Modi Stadium, Ahmedabad",2025-04-09,Shubham Dubey,1,0,0
"Narendra Modi Stadium, Ahmedabad",2025-04-09,Jofra Archer,4,0,0
"Narendra Modi Stadium, Ahmedabad",2025-04-09,Maheesh Theekshana,5,0,0
"Narendra Modi Stadium, Ahmedabad",2025-04-09,Tushar Deshpande,3,0,0
"Narendra Modi Stadium, Ahmedabad",2025-04-09,Sandeep Sharma,6,0,0
"Narendra Modi Stadium, Ahmedabad",2025-04-09,Mohammed Siraj,4,1,0
"Narendra Modi Stadium, Ahmedabad",2025-04-09,Arshad Khan,2,1,0
"Narendra Modi Stadium, Ahmedabad",2025-04-09,Prasidh Krishna,4,3,0
"Narendra Modi Stadium, Ahmedabad",2025-04-09,Kulwant Khejroliya,3,1,0
"Narendra Modi Stadium, Ahmedabad",2025-04-09,Rashid Khan,4,2,0
"Narendra Modi Stadium, Ahmedabad",2025-04-09,Ravisrinivasan Sai Kishore,2.2,2,0
"M.Chinnaswamy Stadium, Bengaluru",2025-04-10,Phil Salt,37,4,3
"M.Chinnaswamy Stadium, Bengaluru",2025-04-10,Kohli,22,1,2
"M.Chinnaswamy Stadium, Bengaluru",2025-04-10,Padikkal,1,0,0
"M.Chinnaswamy Stadium, Bengaluru",2025-04-10,Rajat Patidar (c),25,1,1
"M.Chinnaswamy Stadium, Bengaluru",2025-04-10,Livingstone,4,0,0
"M.Chinnaswamy Stadium, Bengaluru",2025-04-10,Jitesh Sharma (wk),3,0,0
"M.Chinnaswamy Stadium, Bengaluru",2025-04-10,Krunal Pandya,18,1,0
"M.Chinnaswamy Stadium, Bengaluru",2025-04-10,Tim David,37,2,4
"M.Chinnaswamy Stadium, Bengaluru",2025-04-10,Bhuvneshwar,1,0,0
"M.Chinnaswamy Stadium, Bengaluru",2025-04-10,Mitchell Starc,3,0,1
"M.Chinnaswamy Stadium, Bengaluru",2025-04-10,Axar (c),4,0,0
"M.Chinnaswamy Stadium, Bengaluru",2025-04-10,Vipraj Nigam,4,2,0
"M.Chinnaswamy Stadium, Bengaluru",2025-04-10,Mukesh Kumar,3,1,0
"M.Chinnaswamy Stadium, Bengaluru",2025-04-10,Kuldeep Yadav,4,2,0
"M.Chinnaswamy Stadium, Bengaluru",2025-04-10,Mohit Sharma,2,1,0
"M.Chinnaswamy Stadium, Bengaluru",2025-04-10,Faf du Plessis,2,0,0
"M.Chinnaswamy Stadium, Bengaluru",2025-04-10,Jake Fraser-McGurk,7,1,0
"M.Chinnaswamy Stadium, Bengaluru",2025-04-10,Abishek Porel,7,1,0
"M.Chinnaswamy Stadium, Bengaluru",2025-04-10,KL Rahul (wk),93,7,6
"M.Chinnaswamy Stadium, Bengaluru",2025-04-10,Axar Patel (c),15,2,0
"M.Chinnaswamy Stadium, Bengaluru",2025-04-10,Tristan Stubbs,38,4,1
"M.Chinnaswamy Stadium, Bengaluru",2025-04-10,Bhuvneshwar Kumar,4,2,0
"M.Chinnaswamy Stadium, Bengaluru",2025-04-10,Yash Dayal,3.5,1,0
"M.Chinnaswamy Stadium, Bengaluru",2025-04-10,Josh Hazlewood,3,0,0
"M.Chinnaswamy Stadium, Bengaluru",2025-04-10,Suyash Sharma,4,1,0
"M.Chinnaswamy Stadium, Bengaluru",2025-04-10,Krunal Pandya,2,0,0
"M.Chinnaswamy Stadium, Bengaluru",2025-04-10,Liam Livingstone,1,0,0
"MA Chidambaram Stadium, Chennai",2025-04-11,Rachin Ravindra,4,0,0
"MA Chidambaram Stadium, Chennai",2025-04-11,Conway,12,2,0
"MA Chidambaram Stadium, Chennai",2025-04-11,Tripathi,16,1,0
"MA Chidambaram Stadium, Chennai",2025-04-11,Vijay Shankar,29,2,1
"MA Chidambaram Stadium, Chennai",2025-04-11,Shivam Dube,31,3,0
"MA Chidambaram Stadium, Chennai",2025-04-11,Ashwin,1,0,0
"MA Chidambaram Stadium, Chennai",2025-04-11,Ravindra Jadeja,0,0,0
"MA Chidambaram Stadium, Chennai",2025-04-11,Deepak Hooda,0,0,0
"MA Chidambaram Stadium, Chennai",2025-04-11,Dhoni (c & wk),1,0,0
"MA Chidambaram Stadium, Chennai",2025-04-11,Noor Ahmad,1,0,0
"MA Chidambaram Stadium, Chennai",2025-04-11,Anshul Kamboj,3,0,0
"MA Chidambaram Stadium, Chennai",2025-04-11,Vaibhav Arora,4,1,0
"MA Chidambaram Stadium, Chennai",2025-04-11,Moeen,4,1,0
"MA Chidambaram Stadium, Chennai",2025-04-11,Harshit Rana,4,2,0
"MA Chidambaram Stadium, Chennai",2025-04-11,Varun Chakaravarthy,4,2,0
"MA Chidambaram Stadium, Chennai",2025-04-11,Narine,4,3,0
"MA Chidambaram Stadium, Chennai",2025-04-11,Quinton de Kock (wk),23,0,3
"MA Chidambaram Stadium, Chennai",2025-04-11,Sunil Narine,44,2,5
"MA Chidambaram Stadium, Chennai",2025-04-11,Ajinkya Rahane (c),20,1,1
"MA Chidambaram Stadium, Chennai",2025-04-11,Rinku Singh,15,1,1
"MA Chidambaram Stadium, Chennai",2025-04-11,Khaleel Ahmed,3,0,0
"MA Chidambaram Stadium, Chennai",2025-04-11,Anshul Kamboj,2,1,1
"MA Chidambaram Stadium, Chennai",2025-04-11,Ravichandran Ashwin,3,0,0
"MA Chidambaram Stadium, Chennai",2025-04-11,Noor Ahmad,2,1,0
"MA Chidambaram Stadium, Chennai",2025-04-11,Ravindra Jadeja,0.1,0,1
"Bharat Ratna Shri Atal Bihari Vajpayee Ekana Cricket Stadium, Lucknow",2025-04-12,Sai Sudharsan,56,7,1
"Bharat Ratna Shri Atal Bihari Vajpayee Ekana Cricket Stadium, Lucknow",2025-04-12,Shubman Gill (c),60,6,1
"Bharat Ratna Shri Atal Bihari Vajpayee Ekana Cricket Stadium, Lucknow",2025-04-12,Jos Buttler (wk),16,2,0
"Bharat Ratna Shri Atal Bihari Vajpayee Ekana Cricket Stadium, Lucknow",2025-04-12,Washington Sundar,2,0,0
"Bharat Ratna Shri Atal Bihari Vajpayee Ekana Cricket Stadium, Lucknow",2025-04-12,Sherfane Rutherford,22,3,0
"Bharat Ratna Shri Atal Bihari Vajpayee Ekana Cricket Stadium, Lucknow",2025-04-12,Shahrukh Khan,11,0,1
"Bharat Ratna Shri Atal Bihari Vajpayee Ekana Cricket Stadium, Lucknow",2025-04-12,Rahul Tewatia,0,0,0
"Bharat Ratna Shri Atal Bihari Vajpayee Ekana Cricket Stadium, Lucknow",2025-04-12,Rashid Khan,4,0,0
"Bharat Ratna Shri Atal Bihari Vajpayee Ekana Cricket Stadium, Lucknow",2025-04-12,Thakur,4,2,0
"Bharat Ratna Shri Atal Bihari Vajpayee Ekana Cricket Stadium, Lucknow",2025-04-12,Akash Deep,3,0,0
"Bharat Ratna Shri Atal Bihari Vajpayee Ekana Cricket Stadium, Lucknow",2025-04-12,Digvesh Rathi,4,1,0
"Bharat Ratna Shri Atal Bihari Vajpayee Ekana Cricket Stadium, Lucknow",2025-04-12,Avesh Khan,4,1,0
"Bharat Ratna Shri Atal Bihari Vajpayee Ekana Cricket Stadium, Lucknow",2025-04-12,Ravi Bishnoi,4,2,0
"Bharat Ratna Shri Atal Bihari Vajpayee Ekana Cricket Stadium, Lucknow",2025-04-12,Markram,1,0,0
"Bharat Ratna Shri Atal Bihari Vajpayee Ekana Cricket Stadium, Lucknow",2025-04-12,Aiden Markram,58,9,1
"Bharat Ratna Shri Atal Bihari Vajpayee Ekana Cricket Stadium, Lucknow",2025-04-12,Rishabh Pant (c & wk),21,4,0
"Bharat Ratna Shri Atal Bihari Vajpayee Ekana Cricket Stadium, Lucknow",2025-04-12,Nicholas Pooran,61,1,7
"Bharat Ratna Shri Atal Bihari Vajpayee Ekana Cricket Stadium, Lucknow",2025-04-12,Ayush Badoni,28,2,1
"Bharat Ratna Shri Atal Bihari Vajpayee Ekana Cricket Stadium, Lucknow",2025-04-12,David Miller,7,0,0
"Bharat Ratna Shri Atal Bihari Vajpayee Ekana Cricket Stadium, Lucknow",2025-04-12,Abdul Samad,2,0,0
"Bharat Ratna Shri Atal Bihari Vajpayee Ekana Cricket Stadium, Lucknow",2025-04-12,Mohammed Siraj,4,0,0
"Bharat Ratna Shri Atal Bihari Vajpayee Ekana Cricket Stadium, Lucknow",2025-04-12,Arshad Khan,2,0,0
"Bharat Ratna Shri Atal Bihari Vajpayee Ekana Cricket Stadium, Lucknow",2025-04-12,Prasidh Krishna,4,2,0
"Bharat Ratna Shri Atal Bihari Vajpayee Ekana Cricket Stadium, Lucknow",2025-04-12,Rashid Khan,4,1,0
"Bharat Ratna Shri Atal Bihari Vajpayee Ekana Cricket Stadium, Lucknow",2025-04-12,Washington Sundar,4,1,0
"Bharat Ratna Shri Atal Bihari Vajpayee Ekana Cricket Stadium, Lucknow",2025-04-12,Ravisrinivasan Sai Kishore,1.3,0,0
"Rajiv Gandhi International Stadium, Hyderabad",2025-04-12,Priyansh Arya,36,2,4
"Rajiv Gandhi International Stadium, Hyderabad",2025-04-12,Prabhsimran (wk),42,7,1
"Rajiv Gandhi International Stadium, Hyderabad",2025-04-12,Shreyas Iyer (c),82,6,6
"Rajiv Gandhi International Stadium, Hyderabad",2025-04-12,Nehal Wadhera,27,2,1
"Rajiv Gandhi International Stadium, Hyderabad",2025-04-12,Shashank Singh,2,0,0
"Rajiv Gandhi International Stadium, Hyderabad",2025-04-12,Maxwell,3,0,0
"Rajiv Gandhi International Stadium, Hyderabad",2025-04-12,Stoinis,34,1,4
"Rajiv Gandhi International Stadium, Hyderabad",2025-04-12,Marco Jansen,5,0,0
"Rajiv Gandhi International Stadium, Hyderabad",2025-04-12,Shami,4,0,0
"Rajiv Gandhi International Stadium, Hyderabad",2025-04-12,Cummins (c),4,0,0
"Rajiv Gandhi International Stadium, Hyderabad",2025-04-12,Harshal Patel,4,4,0
"Rajiv Gandhi International Stadium, Hyderabad",2025-04-12,Eshan Malinga,4,2,0
"Rajiv Gandhi International Stadium, Hyderabad",2025-04-12,Zeeshan Ansari,4,0,0
"Rajiv Gandhi International Stadium, Hyderabad",2025-04-12,Travis Head,66,9,3
"Rajiv Gandhi International Stadium, Hyderabad",2025-04-12,Abhishek Sharma,141,14,10
"Rajiv Gandhi International Stadium, Hyderabad",2025-04-12,Heinrich Klaasen (wk),21,2,1
"Rajiv Gandhi International Stadium, Hyderabad",2025-04-12,Ishan Kishan,9,1,0
"Rajiv Gandhi International Stadium, Hyderabad",2025-04-12,Arshdeep Singh,4,1,0
"Rajiv Gandhi International Stadium, Hyderabad",2025-04-12,Marco Jansen,2,0,0
"Rajiv Gandhi International Stadium, Hyderabad",2025-04-12,Yash Thakur,2.3,0,1
"Rajiv Gandhi International Stadium, Hyderabad",2025-04-12,Glenn Maxwell,3,0,0
"Rajiv Gandhi International Stadium, Hyderabad",2025-04-12,Lockie Ferguson,0.2,0,0
"Rajiv Gandhi International Stadium, Hyderabad",2025-04-12,Marcus Stoinis,0.4,0,0
"Rajiv Gandhi International Stadium, Hyderabad",2025-04-12,Yuzvendra Chahal,4,1,0
"Rajiv Gandhi International Stadium, Hyderabad",2025-04-12,Shashank Singh,2,0,0
"Sawai Mansingh Stadium, Jaipur",2025-04-13,Yashasvi Jaiswal,75,10,2
"Sawai Mansingh Stadium, Jaipur",2025-04-13,Samson (c & wk),15,1,0
"Sawai Mansingh Stadium, Jaipur",2025-04-13,Riyan Parag,30,3,1
"Sawai Mansingh Stadium, Jaipur",2025-04-13,Dhruv Jurel,35,2,2
"Sawai Mansingh Stadium, Jaipur",2025-04-13,Hetmyer,9,1,0
"Sawai Mansingh Stadium, Jaipur",2025-04-13,Nitish Rana,4,1,0
"Sawai Mansingh Stadium, Jaipur",2025-04-13,Bhuvneshwar,4,1,0
"Sawai Mansingh Stadium, Jaipur",2025-04-13,Yash Dayal,4,1,0
"Sawai Mansingh Stadium, Jaipur",2025-04-13,Hazlewood,3,1,0
"Sawai Mansingh Stadium, Jaipur",2025-04-13,Krunal Pandya,4,1,0
"Sawai Mansingh Stadium, Jaipur",2025-04-13,Livingstone,1,0,0
"Sawai Mansingh Stadium, Jaipur",2025-04-13,Suyash Sharma,4,0,0
"Sawai Mansingh Stadium, Jaipur",2025-04-13,Philip Salt,65,5,6
"Sawai Mansingh Stadium, Jaipur",2025-04-13,Virat Kohli,62,4,2
"Sawai Mansingh Stadium, Jaipur",2025-04-13,Devdutt Padikkal,40,5,1
"Sawai Mansingh Stadium, Jaipur",2025-04-13,Jofra Archer,4,0,1
"Sawai Mansingh Stadium, Jaipur",2025-04-13,Tushar Deshpande,2,0,0
"Sawai Mansingh Stadium, Jaipur",2025-04-13,Sandeep Sharma,2.3,0,0
"Sawai Mansingh Stadium, Jaipur",2025-04-13,Maheesh Theekshana,2,0,0
"Sawai Mansingh Stadium, Jaipur",2025-04-13,Kumar Kartikeya,3,1,0
"Sawai Mansingh Stadium, Jaipur",2025-04-13,Wanindu Hasaranga,3,0,0
"Sawai Mansingh Stadium, Jaipur",2025-04-13,Riyan Parag,1,0,0
"Arun Jaitley Stadium, Delhi",2025-04-13,Rohit,18,2,1
"Arun Jaitley Stadium, Delhi",2025-04-13,Rickelton (wk),41,5,2
"Arun Jaitley Stadium, Delhi",2025-04-13,Suryakumar Yadav,40,5,2
"Arun Jaitley Stadium, Delhi",2025-04-13,Tilak Varma,59,6,3
"Arun Jaitley Stadium, Delhi",2025-04-13,Hardik Pandya (c),2,0,0
"Arun Jaitley Stadium, Delhi",2025-04-13,Naman Dhir,38,3,2
"Arun Jaitley Stadium, Delhi",2025-04-13,Will Jacks,1,0,0
"Arun Jaitley Stadium, Delhi",2025-04-13,Mitchell Starc,3,0,0
"Arun Jaitley Stadium, Delhi",2025-04-13,Mukesh Kumar,4,1,0
"Arun Jaitley Stadium, Delhi",2025-04-13,Vipraj Nigam,4,2,0
"Arun Jaitley Stadium, Delhi",2025-04-13,Kuldeep Yadav,4,2,0
"Arun Jaitley Stadium, Delhi",2025-04-13,Axar (c),2,0,0
"Arun Jaitley Stadium, Delhi",2025-04-13,Mohit Sharma,3,0,0
"Arun Jaitley Stadium, Delhi",2025-04-13,Jake Fraser-McGurk,0,0,0
"Arun Jaitley Stadium, Delhi",2025-04-13,Abishek Porel,33,3,1
"Arun Jaitley Stadium, Delhi",2025-04-13,Karun Nair,89,12,5
"Arun Jaitley Stadium, Delhi",2025-04-13,KL Rahul (wk),15,1,0
"Arun Jaitley Stadium, Delhi",2025-04-13,Axar Patel (c),9,2,0
"Arun Jaitley Stadium, Delhi",2025-04-13,Tristan Stubbs,1,0,0
"Arun Jaitley Stadium, Delhi",2025-04-13,Ashutosh Sharma,17,2,0
"Arun Jaitley Stadium, Delhi",2025-04-13,Vipraj Nigam,14,1,1
"Arun Jaitley Stadium, Delhi",2025-04-13,Mitchell Starc,1,0,0
"Arun Jaitley Stadium, Delhi",2025-04-13,Kuldeep Yadav,1,0,0
"Arun Jaitley Stadium, Delhi",2025-04-13,Mohit Sharma,0,0,0
"Arun Jaitley Stadium, Delhi",2025-04-13,Deepak Chahar,3,1,0
"Arun Jaitley Stadium, Delhi",2025-04-13,Trent Boult,2,0,0
"Arun Jaitley Stadium, Delhi",2025-04-13,Jasprit Bumrah,4,1,0
"Arun Jaitley Stadium, Delhi",2025-04-13,Mitchell Santner,4,2,0
"Arun Jaitley Stadium, Delhi",2025-04-13,Hardik Pandya (c),2,0,0
"Arun Jaitley Stadium, Delhi",2025-04-13,Karn Sharma,4,3,0
"Bharat Ratna Shri Atal Bihari Vajpayee Ekana Cricket Stadium, Lucknow",2025-04-14,Markram,6,1,0
"Bharat Ratna Shri Atal Bihari Vajpayee Ekana Cricket Stadium, Lucknow",2025-04-14,Mitchell Marsh,30,2,2
"Bharat Ratna Shri Atal Bihari Vajpayee Ekana Cricket Stadium, Lucknow",2025-04-14,Pooran,8,2,0
"Bharat Ratna Shri Atal Bihari Vajpayee Ekana Cricket Stadium, Lucknow",2025-04-14,Pant (c & wk),63,4,4
"Bharat Ratna Shri Atal Bihari Vajpayee Ekana Cricket Stadium, Lucknow",2025-04-14,Ayush Badoni,22,1,2
"Bharat Ratna Shri Atal Bihari Vajpayee Ekana Cricket Stadium, Lucknow",2025-04-14,Abdul Samad,20,0,2
"Bharat Ratna Shri Atal Bihari Vajpayee Ekana Cricket Stadium, Lucknow",2025-04-14,David Miller,0,0,0
"Bharat Ratna Shri Atal Bihari Vajpayee Ekana Cricket Stadium, Lucknow",2025-04-14,Thakur,6,1,0
"Bharat Ratna Shri Atal Bihari Vajpayee Ekana Cricket Stadium, Lucknow",2025-04-14,Khaleel Ahmed,4,1,0
"Bharat Ratna Shri Atal Bihari Vajpayee Ekana Cricket Stadium, Lucknow",2025-04-14,Anshul Kamboj,3,1,0
"Bharat Ratna Shri Atal Bihari Vajpayee Ekana Cricket Stadium, Lucknow",2025-04-14,Jamie Overton,2,0,0
"Bharat Ratna Shri Atal Bihari Vajpayee Ekana Cricket Stadium, Lucknow",2025-04-14,Ravindra Jadeja,3,2,0
"Bharat Ratna Shri Atal Bihari Vajpayee Ekana Cricket Stadium, Lucknow",2025-04-14,Noor Ahmad,4,0,0
"Bharat Ratna Shri Atal Bihari Vajpayee Ekana Cricket Stadium, Lucknow",2025-04-14,Matheesha Pathirana,4,2,1
"Bharat Ratna Shri Atal Bihari Vajpayee Ekana Cricket Stadium, Lucknow",2025-04-14,Shaik Rasheed,27,6,0
"Bharat Ratna Shri Atal Bihari Vajpayee Ekana Cricket Stadium, Lucknow",2025-04-14,Rachin Ravindra,37,5,0
"Bharat Ratna Shri Atal Bihari Vajpayee Ekana Cricket Stadium, Lucknow",2025-04-14,Rahul Tripathi,9,1,0
"Bharat Ratna Shri Atal Bihari Vajpayee Ekana Cricket Stadium, Lucknow",2025-04-14,Ravindra Jadeja,7,0,0
"Bharat Ratna Shri Atal Bihari Vajpayee Ekana Cricket Stadium, Lucknow",2025-04-14,Shivam Dube,43,3,2
"Bharat Ratna Shri Atal Bihari Vajpayee Ekana Cricket Stadium, Lucknow",2025-04-14,Vijay Shankar,9,1,0
"Bharat Ratna Shri Atal Bihari Vajpayee Ekana Cricket Stadium, Lucknow",2025-04-14,MS Dhoni (c & wk),26,4,1
"Bharat Ratna Shri Atal Bihari Vajpayee Ekana Cricket Stadium, Lucknow",2025-04-14,Shardul Thakur,4,0,1
"Bharat Ratna Shri Atal Bihari Vajpayee Ekana Cricket Stadium, Lucknow",2025-04-14,Akash Deep,1,0,0
"Bharat Ratna Shri Atal Bihari Vajpayee Ekana Cricket Stadium, Lucknow",2025-04-14,Digvesh Singh Rathi,4,1,0
"Bharat Ratna Shri Atal Bihari Vajpayee Ekana Cricket Stadium, Lucknow",2025-04-14,Avesh Khan,3.3,1,0
"Bharat Ratna Shri Atal Bihari Vajpayee Ekana Cricket Stadium, Lucknow",2025-04-14,Ravi Bishnoi,3,2,0
"Bharat Ratna Shri Atal Bihari Vajpayee Ekana Cricket Stadium, Lucknow",2025-04-14,Aiden Markram,4,1,0
"Maharaja Yadavindra Singh International Cricket Stadium, Mullanpur, Chandigarh",2025-04-15,Priyansh Arya,22,3,1
"Maharaja Yadavindra Singh International Cricket Stadium, Mullanpur, Chandigarh",2025-04-15,Prabhsimran,30,2,3
"Maharaja Yadavindra Singh International Cricket Stadium, Mullanpur, Chandigarh",2025-04-15,Shreyas Iyer (c),0,0,0
"Maharaja Yadavindra Singh International Cricket Stadium, Mullanpur, Chandigarh",2025-04-15,Josh Inglis (wk),2,0,0
"Maharaja Yadavindra Singh International Cricket Stadium, Mullanpur, Chandigarh",2025-04-15,Nehal Wadhera,10,2,0
"Maharaja Yadavindra Singh International Cricket Stadium, Mullanpur, Chandigarh",2025-04-15,Maxwell,7,1,0
"Maharaja Yadavindra Singh International Cricket Stadium, Mullanpur, Chandigarh",2025-04-15,Suryansh Shedge,4,0,0
"Maharaja Yadavindra Singh International Cricket Stadium, Mullanpur, Chandigarh",2025-04-15,Shashank Singh,18,1,1
"Maharaja Yadavindra Singh International Cricket Stadium, Mullanpur, Chandigarh",2025-04-15,Marco Jansen,1,0,0
"Maharaja Yadavindra Singh International Cricket Stadium, Mullanpur, Chandigarh",2025-04-15,Xavier Bartlett,11,1,0
"Maharaja Yadavindra Singh International Cricket Stadium, Mullanpur, Chandigarh",2025-04-15,Arshdeep Singh,1,0,0
"Maharaja Yadavindra Singh International Cricket Stadium, Mullanpur, Chandigarh",2025-04-15,Vaibhav Arora,2.3,1,0
"Maharaja Yadavindra Singh International Cricket Stadium, Mullanpur, Chandigarh",2025-04-15,Nortje,3,1,0
"Maharaja Yadavindra Singh International Cricket Stadium, Mullanpur, Chandigarh",2025-04-15,Harshit Rana,3,3,0
"Maharaja Yadavindra Singh International Cricket Stadium, Mullanpur, Chandigarh",2025-04-15,Varun Chakaravarthy,4,2,0
"Maharaja Yadavindra Singh International Cricket Stadium, Mullanpur, Chandigarh",2025-04-15,Narine,3,2,0
"Maharaja Yadavindra Singh International Cricket Stadium, Mullanpur, Chandigarh",2025-04-15,Quinton de Kock (wk),2,0,0
"Maharaja Yadavindra Singh International Cricket Stadium, Mullanpur, Chandigarh",2025-04-15,Sunil Narine,5,1,0
"Maharaja Yadavindra Singh International Cricket Stadium, Mullanpur, Chandigarh",2025-04-15,Ajinkya Rahane (c),17,1,1
"Maharaja Yadavindra Singh International Cricket Stadium, Mullanpur, Chandigarh",2025-04-15,Angkrish Raghuvanshi,37,5,1
"Maharaja Yadavindra Singh International Cricket Stadium, Mullanpur, Chandigarh",2025-04-15,Venkatesh Iyer,7,0,0
"Maharaja Yadavindra Singh International Cricket Stadium, Mullanpur, Chandigarh",2025-04-15,Rinku Singh,2,0,0
"Maharaja Yadavindra Singh International Cricket Stadium, Mullanpur, Chandigarh",2025-04-15,Andre Russell,17,1,2
"Maharaja Yadavindra Singh International Cricket Stadium, Mullanpur, Chandigarh",2025-04-15,Ramandeep Singh,0,0,0
"Maharaja Yadavindra Singh International Cricket Stadium, Mullanpur, Chandigarh",2025-04-15,Harshit Rana,3,0,0
"Maharaja Yadavindra Singh International Cricket Stadium, Mullanpur, Chandigarh",2025-04-15,Vaibhav Arora,0,0,0
"Maharaja Yadavindra Singh International Cricket Stadium, Mullanpur, Chandigarh",2025-04-15,Anrich Nortje,0,0,0
"Maharaja Yadavindra Singh International Cricket Stadium, Mullanpur, Chandigarh",2025-04-15,Marco Jansen,3.1,3,0
"Maharaja Yadavindra Singh International Cricket Stadium, Mullanpur, Chandigarh",2025-04-15,Xavier Bartlett,3,1,0
"Maharaja Yadavindra Singh International Cricket Stadium, Mullanpur, Chandigarh",2025-04-15,Arshdeep Singh,3,1,0
"Maharaja Yadavindra Singh International Cricket Stadium, Mullanpur, Chandigarh",2025-04-15,Yuzvendra Chahal,4,4,0
"Maharaja Yadavindra Singh International Cricket Stadium, Mullanpur, Chandigarh",2025-04-15,Glenn Maxwell,2,1,0
"Arun Jaitley Stadium, Delhi",2025-04-16,Jake Fraser-McGurk,9,2,0
"Arun Jaitley Stadium, Delhi",2025-04-16,Abishek Porel,49,5,1
"Arun Jaitley Stadium, Delhi",2025-04-16,Karun Nair,0,0,0
"Arun Jaitley Stadium, Delhi",2025-04-16,Rahul (wk),38,2,2
"Arun Jaitley Stadium, Delhi",2025-04-16,Stubbs,34,2,2
"Arun Jaitley Stadium, Delhi",2025-04-16,Axar (c),34,4,2
"Arun Jaitley Stadium, Delhi",2025-04-16,Ashutosh Sharma,15,2,0
"Arun Jaitley Stadium, Delhi",2025-04-16,Jofra Archer,4,2,0
"Arun Jaitley Stadium, Delhi",2025-04-16,Tushar Deshpande,3,0,0
"Arun Jaitley Stadium, Delhi",2025-04-16,Sandeep Sharma,4,0,1
"Arun Jaitley Stadium, Delhi",2025-04-16,M Theekshana,4,1,0
"Arun Jaitley Stadium, Delhi",2025-04-16,W Hasaranga,4,1,0
"Arun Jaitley Stadium, Delhi",2025-04-16,Riyan Parag,1,0,0
"Arun Jaitley Stadium, Delhi",2025-04-16,Yashasvi Jaiswal,51,3,4
"Arun Jaitley Stadium, Delhi",2025-04-16,Sanju Samson (c & wk),31,2,3
"Arun Jaitley Stadium, Delhi",2025-04-16,Riyan Parag,8,1,0
"Arun Jaitley Stadium, Delhi",2025-04-16,Nitish Rana,51,6,2
"Arun Jaitley Stadium, Delhi",2025-04-16,Dhruv Jurel,26,0,2
"Arun Jaitley Stadium, Delhi",2025-04-16,Shimron Hetmyer,15,1,0
"Arun Jaitley Stadium, Delhi",2025-04-16,Mitchell Starc,4,1,0
"Arun Jaitley Stadium, Delhi",2025-04-16,Mukesh Kumar,3,0,0
"Arun Jaitley Stadium, Delhi",2025-04-16,Mohit Sharma,4,0,0
"Arun Jaitley Stadium, Delhi",2025-04-16,Vipraj Nigam,1,0,1
"Arun Jaitley Stadium, Delhi",2025-04-16,Axar Patel (c),3,1,0
"Arun Jaitley Stadium, Delhi",2025-04-16,Kuldeep Yadav,4,1,0
"Arun Jaitley Stadium, Delhi",2025-04-16,Tristan Stubbs,1,0,0
"Wankhede Stadium, Mumbai",2025-04-17,Abhishek Sharma,40,7,0
"Wankhede Stadium, Mumbai",2025-04-17,Head,28,3,0
"Wankhede Stadium, Mumbai",2025-04-17,Ishan Kishan,2,0,0
"Wankhede Stadium, Mumbai",2025-04-17,Nitish Reddy,19,1,0
"Wankhede Stadium, Mumbai",2025-04-17,Klaasen (wk),37,3,2
"Wankhede Stadium, Mumbai",2025-04-17,Aniket Verma,18,0,2
"Wankhede Stadium, Mumbai",2025-04-17,Cummins (c),8,0,1
"Wankhede Stadium, Mumbai",2025-04-17,D Chahar,4,0,0
"Wankhede Stadium, Mumbai",2025-04-17,Boult,4,1,0
"Wankhede Stadium, Mumbai",2025-04-17,Bumrah,4,1,0
"Wankhede Stadium, Mumbai",2025-04-17,Will Jacks,3,2,0
"Wankhede Stadium, Mumbai",2025-04-17,Hardik Pandya (c),4,1,1
"Wankhede Stadium, Mumbai",2025-04-17,Santner,1,0,0
"Wankhede Stadium, Mumbai",2025-04-17,Ryan Rickelton (wk),31,5,0
"Wankhede Stadium, Mumbai",2025-04-17,Rohit Sharma,26,0,3
"Wankhede Stadium, Mumbai",2025-04-17,Will Jacks,36,3,2
"Wankhede Stadium, Mumbai",2025-04-17,Suryakumar Yadav,26,2,2
"Wankhede Stadium, Mumbai",2025-04-17,Tilak Varma,21,2,0
"Wankhede Stadium, Mumbai",2025-04-17,Hardik Pandya (c),21,3,1
"Wankhede Stadium, Mumbai",2025-04-17,Naman Dhir,0,0,0
"Wankhede Stadium, Mumbai",2025-04-17,Mitchell Santner,0,0,0
"Wankhede Stadium, Mumbai",2025-04-17,Mohammed Shami,3,0,0
"Wankhede Stadium, Mumbai",2025-04-17,Pat Cummins (c),4,3,0
"Wankhede Stadium, Mumbai",2025-04-17,Eshan Malinga,4,2,0
"Wankhede Stadium, Mumbai",2025-04-17,Zeeshan Ansari,3.1,0,1
"Wankhede Stadium, Mumbai",2025-04-17,Harshal Patel,3,1,0
"Wankhede Stadium, Mumbai",2025-04-17,Rahul Chahar,1,0,0
"M.Chinnaswamy Stadium, Bengaluru",2025-04-18,Phil Salt,4,1,0
"M.Chinnaswamy Stadium, Bengaluru",2025-04-18,Kohli,1,0,0
"M.Chinnaswamy Stadium, Bengaluru",2025-04-18,Rajat Patidar (c),23,1,1
"M.Chinnaswamy Stadium, Bengaluru",2025-04-18,Livingstone,4,1,0
"M.Chinnaswamy Stadium, Bengaluru",2025-04-18,Jitesh Sharma (wk),2,0,0
"M.Chinnaswamy Stadium, Bengaluru",2025-04-18,Krunal Pandya,1,0,0
"M.Chinnaswamy Stadium, Bengaluru",2025-04-18,Tim David,50,5,3
"M.Chinnaswamy Stadium, Bengaluru",2025-04-18,Manoj Bhandage,1,0,0
"M.Chinnaswamy Stadium, Bengaluru",2025-04-18,Bhuvneshwar,8,1,0
"M.Chinnaswamy Stadium, Bengaluru",2025-04-18,Yash Dayal,0,0,0
"M.Chinnaswamy Stadium, Bengaluru",2025-04-18,Hazlewood,0,0,0
"M.Chinnaswamy Stadium, Bengaluru",2025-04-18,Arshdeep Singh,3,2,0
"M.Chinnaswamy Stadium, Bengaluru",2025-04-18,Xavier Bartlett,3,1,0
"M.Chinnaswamy Stadium, Bengaluru",2025-04-18,Marco Jansen,3,2,0
"M.Chinnaswamy Stadium, Bengaluru",2025-04-18,Chahal,3,2,0
"M.Chinnaswamy Stadium, Bengaluru",2025-04-18,Harpreet Brar,2,2,1
"M.Chinnaswamy Stadium, Bengaluru",2025-04-18,Priyansh Arya,16,1,1
"M.Chinnaswamy Stadium, Bengaluru",2025-04-18,Prabhsimran Singh,13,2,0
"M.Chinnaswamy Stadium, Bengaluru",2025-04-18,Shreyas Iyer (c),7,0,0
"M.Chinnaswamy Stadium, Bengaluru",2025-04-18,Josh Inglis (wk),14,2,0
"M.Chinnaswamy Stadium, Bengaluru",2025-04-18,Nehal Wadhera,33,3,3
"M.Chinnaswamy Stadium, Bengaluru",2025-04-18,Shashank Singh,1,0,0
"M.Chinnaswamy Stadium, Bengaluru",2025-04-18,Marcus Stoinis,7,0,1
"M.Chinnaswamy Stadium, Bengaluru",2025-04-18,Bhuvneshwar Kumar,3,2,0
"M.Chinnaswamy Stadium, Bengaluru",2025-04-18,Yash Dayal,2.1,0,0
"M.Chinnaswamy Stadium, Bengaluru",2025-04-18,Josh Hazlewood,3,3,0
"M.Chinnaswamy Stadium, Bengaluru",2025-04-18,Krunal Pandya,1,0,0
"M.Chinnaswamy Stadium, Bengaluru",2025-04-18,Suyash Sharma,3,0,0
"Narendra Modi Stadium, Ahmedabad",2025-04-19,Abishek Porel,18,3,1
"Narendra Modi Stadium, Ahmedabad",2025-04-19,Karun Nair,31,2,2
"Narendra Modi Stadium, Ahmedabad",2025-04-19,Rahul (wk),28,4,1
"Narendra Modi Stadium, Ahmedabad",2025-04-19,Axar (c),39,1,2
"Narendra Modi Stadium, Ahmedabad",2025-04-19,Stubbs,31,2,1
"Narendra Modi Stadium, Ahmedabad",2025-04-19,Ashutosh Sharma,37,2,3
"Narendra Modi Stadium, Ahmedabad",2025-04-19,Vipraj Nigam,0,0,0
"Narendra Modi Stadium, Ahmedabad",2025-04-19,Donovan Ferreira,1,0,0
"Narendra Modi Stadium, Ahmedabad",2025-04-19,Mitchell Starc,2,0,0
"Narendra Modi Stadium, Ahmedabad",2025-04-19,Kuldeep Yadav,4,1,0
"Narendra Modi Stadium, Ahmedabad",2025-04-19,Siraj,4,1,0
"Narendra Modi Stadium, Ahmedabad",2025-04-19,Arshad Khan,4,1,0
"Narendra Modi Stadium, Ahmedabad",2025-04-19,Prasidh,4,4,0
"Narendra Modi Stadium, Ahmedabad",2025-04-19,Rashid Khan,4,0,0
"Narendra Modi Stadium, Ahmedabad",2025-04-19,Ishant,3,1,0
"Narendra Modi Stadium, Ahmedabad",2025-04-19,Sai Kishore,1,1,0
"Narendra Modi Stadium, Ahmedabad",2025-04-19,Sai Sudharsan,36,5,1
"Narendra Modi Stadium, Ahmedabad",2025-04-19,Shubman Gill (c),7,1,0
"Narendra Modi Stadium, Ahmedabad",2025-04-19,Jos Buttler (wk),97,11,4
"Narendra Modi Stadium, Ahmedabad",2025-04-19,Sherfane Rutherford,43,1,3
"Narendra Modi Stadium, Ahmedabad",2025-04-19,Rahul Tewatia,11,1,1
"Narendra Modi Stadium, Ahmedabad",2025-04-19,Mitchell Starc,3.2,0,0
"Narendra Modi Stadium, Ahmedabad",2025-04-19,Mukesh Kumar,4,1,1
"Narendra Modi Stadium, Ahmedabad",2025-04-19,Axar Patel (c),2,0,0
"Narendra Modi Stadium, Ahmedabad",2025-04-19,Vipraj Nigam,4,0,0
"Narendra Modi Stadium, Ahmedabad",2025-04-19,Kuldeep Yadav,4,1,0
"Narendra Modi Stadium, Ahmedabad",2025-04-19,Mohit Sharma,2,0,0
"Sawai Mansingh Stadium, Jaipur",2025-04-19,Mitchell Marsh,4,0,0
"Sawai Mansingh Stadium, Jaipur",2025-04-19,Markram,66,5,3
"Sawai Mansingh Stadium, Jaipur",2025-04-19,Pooran,11,2,0
"Sawai Mansingh Stadium, Jaipur",2025-04-19,Pant (c & wk),3,0,0
"Sawai Mansingh Stadium, Jaipur",2025-04-19,Ayush Badoni,50,5,1
"Sawai Mansingh Stadium, Jaipur",2025-04-19,David Miller,7,0,0
"Sawai Mansingh Stadium, Jaipur",2025-04-19,Abdul Samad,30,0,4
"Sawai Mansingh Stadium, Jaipur",2025-04-19,Jofra Archer,4,1,0
"Sawai Mansingh Stadium, Jaipur",2025-04-19,M Theekshana,4,0,0
"Sawai Mansingh Stadium, Jaipur",2025-04-19,Sandeep Sharma,4,1,0
"Sawai Mansingh Stadium, Jaipur",2025-04-19,Tushar Deshpande,4,1,0
"Sawai Mansingh Stadium, Jaipur",2025-04-19,W Hasaranga,4,2,0
"Sawai Mansingh Stadium, Jaipur",2025-04-19,Yashasvi Jaiswal,74,5,4
"Sawai Mansingh Stadium, Jaipur",2025-04-19,Vaibhav Suryavanshi,34,2,3
"Sawai Mansingh Stadium, Jaipur",2025-04-19,Nitish Rana,8,0,1
"Sawai Mansingh Stadium, Jaipur",2025-04-19,Riyan Parag (c),39,3,2
"Sawai Mansingh Stadium, Jaipur",2025-04-19,Dhruv Jurel (wk),6,0,0
"Sawai Mansingh Stadium, Jaipur",2025-04-19,Shimron Hetmyer,12,2,0
"Sawai Mansingh Stadium, Jaipur",2025-04-19,Shubham Dubey,3,0,0
"Sawai Mansingh Stadium, Jaipur",2025-04-19,Shardul Thakur,3,1,0
"Sawai Mansingh Stadium, Jaipur",2025-04-19,Avesh Khan,4,3,0
"Sawai Mansingh Stadium, Jaipur",2025-04-19,Digvesh Singh Rathi,4,0,0
"Sawai Mansingh Stadium, Jaipur",2025-04-19,Aiden Markram,2,1,0
"Sawai Mansingh Stadium, Jaipur",2025-04-19,Prince Yadav,4,0,0
"Sawai Mansingh Stadium, Jaipur",2025-04-19,Ravi Bishnoi,3,0,0
"Maharaja Yadavindra Singh International Cricket Stadium, Mullanpur, Chandigarh",2025-04-20,Priyansh Arya,22,3,1
"Maharaja Yadavindra Singh International Cricket Stadium, Mullanpur, Chandigarh",2025-04-20,Prabhsimran,33,5,1
"Maharaja Yadavindra Singh International Cricket Stadium, Mullanpur, Chandigarh",2025-04-20,Shreyas Iyer (c),6,1,0
"Maharaja Yadavindra Singh International Cricket Stadium, Mullanpur, Chandigarh",2025-04-20,Josh Inglis (wk),29,2,1
"Maharaja Yadavindra Singh International Cricket Stadium, Mullanpur, Chandigarh",2025-04-20,Nehal Wadhera,5,0,0
"Maharaja Yadavindra Singh International Cricket Stadium, Mullanpur, Chandigarh",2025-04-20,Shashank Singh,31,1,0
"Maharaja Yadavindra Singh International Cricket Stadium, Mullanpur, Chandigarh",2025-04-20,Stoinis,1,0,0
"Maharaja Yadavindra Singh International Cricket Stadium, Mullanpur, Chandigarh",2025-04-20,Marco Jansen,25,0,2
"Maharaja Yadavindra Singh International Cricket Stadium, Mullanpur, Chandigarh",2025-04-20,Bhuvneshwar,4,0,0
"Maharaja Yadavindra Singh International Cricket Stadium, Mullanpur, Chandigarh",2025-04-20,Yash Dayal,2,0,0
"Maharaja Yadavindra Singh International Cricket Stadium, Mullanpur, Chandigarh",2025-04-20,Hazlewood,4,0,0
"Maharaja Yadavindra Singh International Cricket Stadium, Mullanpur, Chandigarh",2025-04-20,Krunal Pandya,4,2,0
"Maharaja Yadavindra Singh International Cricket Stadium, Mullanpur, Chandigarh",2025-04-20,Romario Shepherd,2,1,0
"Maharaja Yadavindra Singh International Cricket Stadium, Mullanpur, Chandigarh",2025-04-20,Suyash Sharma,4,2,0
"Maharaja Yadavindra Singh International Cricket Stadium, Mullanpur, Chandigarh",2025-04-20,Philip Salt,1,0,0
"Maharaja Yadavindra Singh International Cricket Stadium, Mullanpur, Chandigarh",2025-04-20,Virat Kohli,73,7,1
"Maharaja Yadavindra Singh International Cricket Stadium, Mullanpur, Chandigarh",2025-04-20,Devdutt Padikkal,61,5,4
"Maharaja Yadavindra Singh International Cricket Stadium, Mullanpur, Chandigarh",2025-04-20,Rajat Patidar (c),12,1,0
"Maharaja Yadavindra Singh International Cricket Stadium, Mullanpur, Chandigarh",2025-04-20,Jitesh Sharma (wk),11,0,1
"Maharaja Yadavindra Singh International Cricket Stadium, Mullanpur, Chandigarh",2025-04-20,Arshdeep Singh,3,1,0
"Maharaja Yadavindra Singh International Cricket Stadium, Mullanpur, Chandigarh",2025-04-20,Xavier Bartlett,3,0,0
"Maharaja Yadavindra Singh International Cricket Stadium, Mullanpur, Chandigarh",2025-04-20,Harpreet Brar,4,1,0
"Maharaja Yadavindra Singh International Cricket Stadium, Mullanpur, Chandigarh",2025-04-20,Marco Jansen,3,0,0
"Maharaja Yadavindra Singh International Cricket Stadium, Mullanpur, Chandigarh",2025-04-20,Yuzvendra Chahal,4,1,0
"Maharaja Yadavindra Singh International Cricket Stadium, Mullanpur, Chandigarh",2025-04-20,Marcus Stoinis,1,0,0
"Maharaja Yadavindra Singh International Cricket Stadium, Mullanpur, Chandigarh",2025-04-20,Nehal Wadhera,0.5,0,0
"Wankhede Stadium, Mumbai",2025-04-20,Shaik Rasheed,19,1,0
"Wankhede Stadium, Mumbai",2025-04-20,Rachin Ravindra,5,0,0
"Wankhede Stadium, Mumbai",2025-04-20,Ayush Mhatre,32,4,2
"Wankhede Stadium, Mumbai",2025-04-20,Ravindra Jadeja,53,4,2
"Wankhede Stadium, Mumbai",2025-04-20,Shivam Dube,50,2,4
"Wankhede Stadium, Mumbai",2025-04-20,Dhoni (c & wk),4,0,0
"Wankhede Stadium, Mumbai",2025-04-20,Jamie Overton,4,1,0
"Wankhede Stadium, Mumbai",2025-04-20,D Chahar,4,1,0
"Wankhede Stadium, Mumbai",2025-04-20,Boult,4,0,0
"Wankhede Stadium, Mumbai",2025-04-20,Ashwani Kumar,2,1,0
"Wankhede Stadium, Mumbai",2025-04-20,Santner,3,1,0
"Wankhede Stadium, Mumbai",2025-04-20,Bumrah,4,2,0
"Wankhede Stadium, Mumbai",2025-04-20,Will Jacks,1,0,0
"Wankhede Stadium, Mumbai",2025-04-20,Hardik Pandya (c),2,0,0
"Wankhede Stadium, Mumbai",2025-04-20,Ryan Rickelton (wk),24,3,1
"Wankhede Stadium, Mumbai",2025-04-20,Rohit Sharma,76,4,6
"Wankhede Stadium, Mumbai",2025-04-20,Suryakumar Yadav,68,6,5
"Wankhede Stadium, Mumbai",2025-04-20,Khaleel Ahmed,2,0,0
"Wankhede Stadium, Mumbai",2025-04-20,Jamie Overton,2,0,0
"Wankhede Stadium, Mumbai",2025-04-20,Ravichandran Ashwin,4,0,0
"Wankhede Stadium, Mumbai",2025-04-20,Ravindra Jadeja,3,1,0
"Wankhede Stadium, Mumbai",2025-04-20,Noor Ahmad,3,0,0
"Wankhede Stadium, Mumbai",2025-04-20,Matheesha Pathirana,1.4,0,0
"Eden Gardens, Kolkata",2025-04-21,Sai Sudharsan,52,6,1
"Eden Gardens, Kolkata",2025-04-21,Shubman Gill (c),90,10,3
"Eden Gardens, Kolkata",2025-04-21,Jos Buttler (wk),41,8,0
"Eden Gardens, Kolkata",2025-04-21,Rahul Tewatia,0,0,0
"Eden Gardens, Kolkata",2025-04-21,Shahrukh Khan,11,0,1
"Eden Gardens, Kolkata",2025-04-21,Vaibhav Arora,4,1,0
"Eden Gardens, Kolkata",2025-04-21,Moeen,3,0,0
"Eden Gardens, Kolkata",2025-04-21,Harshit Rana,4,1,0
"Eden Gardens, Kolkata",2025-04-21,Varun Chakaravarthy,4,0,0
"Eden Gardens, Kolkata",2025-04-21,Narine,4,0,1
"Eden Gardens, Kolkata",2025-04-21,Russell,1,1,0
"Eden Gardens, Kolkata",2025-04-21,Rahmanullah Gurbaz (wk),1,0,0
"Eden Gardens, Kolkata",2025-04-21,Sunil Narine,17,2,1
"Eden Gardens, Kolkata",2025-04-21,Ajinkya Rahane (c),50,5,1
"Eden Gardens, Kolkata",2025-04-21,Venkatesh Iyer,14,0,0
"Eden Gardens, Kolkata",2025-04-21,Rinku Singh,17,1,1
"Eden Gardens, Kolkata",2025-04-21,Andre Russell,21,3,1
"Eden Gardens, Kolkata",2025-04-21,Ramandeep Singh,1,0,0
"Eden Gardens, Kolkata",2025-04-21,Moeen Ali,0,0,0
"Eden Gardens, Kolkata",2025-04-21,Angkrish Raghuvanshi,27,3,1
"Eden Gardens, Kolkata",2025-04-21,Harshit Rana,1,0,0
"Eden Gardens, Kolkata",2025-04-21,Mohammed Siraj,4,1,0
"Eden Gardens, Kolkata",2025-04-21,Ishant Sharma,2,1,0
"Eden Gardens, Kolkata",2025-04-21,Prasidh Krishna,4,2,0
"Eden Gardens, Kolkata",2025-04-21,Rashid Khan,4,2,0
"Eden Gardens, Kolkata",2025-04-21,Washington Sundar,3,1,0
"Eden Gardens, Kolkata",2025-04-21,Ravisrinivasan Sai Kishore,3,1,0
"Bharat Ratna Shri Atal Bihari Vajpayee Ekana Cricket Stadium, Lucknow",2025-04-22,Markram,52,2,3
"Bharat Ratna Shri Atal Bihari Vajpayee Ekana Cricket Stadium, Lucknow",2025-04-22,Mitchell Marsh,45,3,1
"Bharat Ratna Shri Atal Bihari Vajpayee Ekana Cricket Stadium, Lucknow",2025-04-22,Pooran,9,2,0
"Bharat Ratna Shri Atal Bihari Vajpayee Ekana Cricket Stadium, Lucknow",2025-04-22,Abdul Samad,2,0,0
"Bharat Ratna Shri Atal Bihari Vajpayee Ekana Cricket Stadium, Lucknow",2025-04-22,David Miller,14,1,0
"Bharat Ratna Shri Atal Bihari Vajpayee Ekana Cricket Stadium, Lucknow",2025-04-22,Ayush Badoni,36,6,0
"Bharat Ratna Shri Atal Bihari Vajpayee Ekana Cricket Stadium, Lucknow",2025-04-22,Pant (c & wk),0,0,0
"Bharat Ratna Shri Atal Bihari Vajpayee Ekana Cricket Stadium, Lucknow",2025-04-22,Axar (c),4,0,0
"Bharat Ratna Shri Atal Bihari Vajpayee Ekana Cricket Stadium, Lucknow",2025-04-22,Mitchell Starc,4,1,0
"Bharat Ratna Shri Atal Bihari Vajpayee Ekana Cricket Stadium, Lucknow",2025-04-22,Mukesh Kumar,4,4,0
"Bharat Ratna Shri Atal Bihari Vajpayee Ekana Cricket Stadium, Lucknow",2025-04-22,Chameera,3,1,0
"Bharat Ratna Shri Atal Bihari Vajpayee Ekana Cricket Stadium, Lucknow",2025-04-22,Vipraj Nigam,1,0,0
"Bharat Ratna Shri Atal Bihari Vajpayee Ekana Cricket Stadium, Lucknow",2025-04-22,Kuldeep Yadav,4,0,0
"Bharat Ratna Shri Atal Bihari Vajpayee Ekana Cricket Stadium, Lucknow",2025-04-22,Abishek Porel,51,5,1
"Bharat Ratna Shri Atal Bihari Vajpayee Ekana Cricket Stadium, Lucknow",2025-04-22,Karun Nair,15,2,1
"Bharat Ratna Shri Atal Bihari Vajpayee Ekana Cricket Stadium, Lucknow",2025-04-22,KL Rahul (wk),57,3,3
"Bharat Ratna Shri Atal Bihari Vajpayee Ekana Cricket Stadium, Lucknow",2025-04-22,Axar Patel (c),34,1,4
"Bharat Ratna Shri Atal Bihari Vajpayee Ekana Cricket Stadium, Lucknow",2025-04-22,Shardul Thakur,2,0,0
"Bharat Ratna Shri Atal Bihari Vajpayee Ekana Cricket Stadium, Lucknow",2025-04-22,Digvesh Singh Rathi,4,0,0
"Bharat Ratna Shri Atal Bihari Vajpayee Ekana Cricket Stadium, Lucknow",2025-04-22,Prince Yadav,2.5,0,0
"Bharat Ratna Shri Atal Bihari Vajpayee Ekana Cricket Stadium, Lucknow",2025-04-22,Aiden Markram,3,2,0
"Bharat Ratna Shri Atal Bihari Vajpayee Ekana Cricket Stadium, Lucknow",2025-04-22,Avesh Khan,3,0,0
"Bharat Ratna Shri Atal Bihari Vajpayee Ekana Cricket Stadium, Lucknow",2025-04-22,Ravi Bishnoi,3,0,0
"Rajiv Gandhi International Stadium, Hyderabad",2025-04-23,Head,0,0,0
"Rajiv Gandhi International Stadium, Hyderabad",2025-04-23,Abhishek Sharma,8,0,1
"Rajiv Gandhi International Stadium, Hyderabad",2025-04-23,Ishan Kishan,1,0,0
"Rajiv Gandhi International Stadium, Hyderabad",2025-04-23,Nitish Reddy,2,0,0
"Rajiv Gandhi International Stadium, Hyderabad",2025-04-23,Klaasen (wk),71,9,2
"Rajiv Gandhi International Stadium, Hyderabad",2025-04-23,Aniket Verma,12,1,0
"Rajiv Gandhi International Stadium, Hyderabad",2025-04-23,Abhinav Manohar,43,2,3
"Rajiv Gandhi International Stadium, Hyderabad",2025-04-23,Cummins (c),1,0,0
"Rajiv Gandhi International Stadium, Hyderabad",2025-04-23,Harshal Patel,1,0,0
"Rajiv Gandhi International Stadium, Hyderabad",2025-04-23,D Chahar,4,2,0
"Rajiv Gandhi International Stadium, Hyderabad",2025-04-23,Boult,4,4,0
"Rajiv Gandhi International Stadium, Hyderabad",2025-04-23,Bumrah,4,1,0
"Rajiv Gandhi International Stadium, Hyderabad",2025-04-23,Santner,4,0,0
"Rajiv Gandhi International Stadium, Hyderabad",2025-04-23,Hardik Pandya (c),3,1,0
"Rajiv Gandhi International Stadium, Hyderabad",2025-04-23,Vignesh Puthur,1,0,0
"Rajiv Gandhi International Stadium, Hyderabad",2025-04-23,Ryan Rickelton (wk),11,2,0
"Rajiv Gandhi International Stadium, Hyderabad",2025-04-23,Rohit Sharma,70,8,3
"Rajiv Gandhi International Stadium, Hyderabad",2025-04-23,Will Jacks,22,2,1
"Rajiv Gandhi International Stadium, Hyderabad",2025-04-23,Suryakumar Yadav,40,5,2
"Rajiv Gandhi International Stadium, Hyderabad",2025-04-23,Tilak Varma,2,0,0
"Rajiv Gandhi International Stadium, Hyderabad",2025-04-23,Pat Cummins (c),3,0,0
"Rajiv Gandhi International Stadium, Hyderabad",2025-04-23,Jaydev Unadkat,3,1,0
"Rajiv Gandhi International Stadium, Hyderabad",2025-04-23,Harshal Patel,3,0,0
"Rajiv Gandhi International Stadium, Hyderabad",2025-04-23,Eshan Malinga,3,1,0
"Rajiv Gandhi International Stadium, Hyderabad",2025-04-23,Zeeshan Ansari,3.4,1,0
"M.Chinnaswamy Stadium, Bengaluru",2025-04-24,Phil Salt,26,4,0
"M.Chinnaswamy Stadium, Bengaluru",2025-04-24,Kohli,70,8,2
"M.Chinnaswamy Stadium, Bengaluru",2025-04-24,Padikkal,50,4,3
"M.Chinnaswamy Stadium, Bengaluru",2025-04-24,Tim David,23,2,1
"M.Chinnaswamy Stadium, Bengaluru",2025-04-24,Rajat Patidar (c),1,0,0
"M.Chinnaswamy Stadium, Bengaluru",2025-04-24,Jitesh Sharma (wk),20,4,0
"M.Chinnaswamy Stadium, Bengaluru",2025-04-24,Jofra Archer,4,1,0
"M.Chinnaswamy Stadium, Bengaluru",2025-04-24,Fazalhaq Farooqi,3,0,0
"M.Chinnaswamy Stadium, Bengaluru",2025-04-24,Tushar Deshpande,2,0,0
"M.Chinnaswamy Stadium, Bengaluru",2025-04-24,Sandeep Sharma,4,2,0
"M.Chinnaswamy Stadium, Bengaluru",2025-04-24,W Hasaranga,4,1,0
"M.Chinnaswamy Stadium, Bengaluru",2025-04-24,Riyan Parag (c),3,0,0
"M.Chinnaswamy Stadium, Bengaluru",2025-04-24,Yashasvi Jaiswal,49,7,3
"M.Chinnaswamy Stadium, Bengaluru",2025-04-24,Vaibhav Suryavanshi,16,0,2
"M.Chinnaswamy Stadium, Bengaluru",2025-04-24,Nitish Rana,28,3,1
"M.Chinnaswamy Stadium, Bengaluru",2025-04-24,Riyan Parag (c),22,2,2
"M.Chinnaswamy Stadium, Bengaluru",2025-04-24,Dhruv Jurel (wk),47,3,3
"M.Chinnaswamy Stadium, Bengaluru",2025-04-24,Shimron Hetmyer,11,1,0
"M.Chinnaswamy Stadium, Bengaluru",2025-04-24,Shubham Dubey,12,1,1
"M.Chinnaswamy Stadium, Bengaluru",2025-04-24,Jofra Archer,0,0,0
"M.Chinnaswamy Stadium, Bengaluru",2025-04-24,Wanindu Hasaranga,1,0,0
"M.Chinnaswamy Stadium, Bengaluru",2025-04-24,Tushar Deshpande,1,0,0
"M.Chinnaswamy Stadium, Bengaluru",2025-04-24,Fazalhaq Farooqi,2,0,0
"M.Chinnaswamy Stadium, Bengaluru",2025-04-24,Bhuvneshwar Kumar,4,1,0
"M.Chinnaswamy Stadium, Bengaluru",2025-04-24,Yash Dayal,3,1,0
"M.Chinnaswamy Stadium, Bengaluru",2025-04-24,Josh Hazlewood,4,4,0
"M.Chinnaswamy Stadium, Bengaluru",2025-04-24,Romario Shepherd,1,0,0
"M.Chinnaswamy Stadium, Bengaluru",2025-04-24,Suyash Sharma,4,0,0
"M.Chinnaswamy Stadium, Bengaluru",2025-04-24,Krunal Pandya,4,2,0
"MA Chidambaram Stadium, Chennai",2025-04-25,Shaik Rasheed,0,0,0
"MA Chidambaram Stadium, Chennai",2025-04-25,Ayush Mhatre,30,6,0
"MA Chidambaram Stadium, Chennai",2025-04-25,Sam Curran,9,1,0
"MA Chidambaram Stadium, Chennai",2025-04-25,Ravindra Jadeja,21,1,1
"MA Chidambaram Stadium, Chennai",2025-04-25,Dewald Brevis,42,1,4
"MA Chidambaram Stadium, Chennai",2025-04-25,Shivam Dube,12,2,0
"MA Chidambaram Stadium, Chennai",2025-04-25,Deepak Hooda,22,1,1
"MA Chidambaram Stadium, Chennai",2025-04-25,Dhoni (c & wk),6,1,0
"MA Chidambaram Stadium, Chennai",2025-04-25,Anshul Kamboj,2,0,0
"MA Chidambaram Stadium, Chennai",2025-04-25,Noor Ahmad,2,0,0
"MA Chidambaram Stadium, Chennai",2025-04-25,Khaleel Ahmed,1,0,0
"MA Chidambaram Stadium, Chennai",2025-04-25,Shami,3,1,1
"MA Chidambaram Stadium, Chennai",2025-04-25,Cummins (c),4,2,0
"MA Chidambaram Stadium, Chennai",2025-04-25,Jaydev Unadkat,2.5,2,0
"MA Chidambaram Stadium, Chennai",2025-04-25,Harshal Patel,4,4,1
"MA Chidambaram Stadium, Chennai",2025-04-25,Zeeshan Ansari,3,0,0
"MA Chidambaram Stadium, Chennai",2025-04-25,Kamindu Mendis,3,1,0
"MA Chidambaram Stadium, Chennai",2025-04-25,Abhishek Sharma,0,0,0
"MA Chidambaram Stadium, Chennai",2025-04-25,Travis Head,19,4,0
"MA Chidambaram Stadium, Chennai",2025-04-25,Ishan Kishan,44,5,1
"MA Chidambaram Stadium, Chennai",2025-04-25,Heinrich Klaasen (wk),7,1,0
"MA Chidambaram Stadium, Chennai",2025-04-25,Aniket Verma,19,0,2
"MA Chidambaram Stadium, Chennai",2025-04-25,Kamindu Mendis,32,3,0
"MA Chidambaram Stadium, Chennai",2025-04-25,Nitish Kumar Reddy,19,2,0
"MA Chidambaram Stadium, Chennai",2025-04-25,Khaleel Ahmed,3,1,0
"MA Chidambaram Stadium, Chennai",2025-04-25,Anshul Kamboj,3,1,0
"MA Chidambaram Stadium, Chennai",2025-04-25,Noor Ahmad,4,2,2
"MA Chidambaram Stadium, Chennai",2025-04-25,Ravindra Jadeja,3.4,1,0
"MA Chidambaram Stadium, Chennai",2025-04-25,Sam Curran,2,0,0
"MA Chidambaram Stadium, Chennai",2025-04-25,Matheesha Pathirana,3,0,0
"Eden Gardens, Kolkata",2025-04-26,Priyansh Arya,69,8,4
"Eden Gardens, Kolkata",2025-04-26,Prabhsimran,83,6,6
"Eden Gardens, Kolkata",2025-04-26,Shreyas Iyer (c),25,1,1
"Eden Gardens, Kolkata",2025-04-26,Maxwell,7,1,0
"Eden Gardens, Kolkata",2025-04-26,Marco Jansen,3,0,0
"Eden Gardens, Kolkata",2025-04-26,Josh Inglis (wk),11,2,0
"Eden Gardens, Kolkata",2025-04-26,Vaibhav Arora,4,2,0
"Eden Gardens, Kolkata",2025-04-26,Chetan Sakariya,3,0,0
"Eden Gardens, Kolkata",2025-04-26,Harshit Rana,2,0,0
"Eden Gardens, Kolkata",2025-04-26,Varun Chakaravarthy,4,1,0
"Eden Gardens, Kolkata",2025-04-26,Narine,4,0,1
"Eden Gardens, Kolkata",2025-04-26,Russell,3,1,0
"Eden Gardens, Kolkata",2025-04-26,Rahmanullah Gurbaz (wk),1,0,0
"Eden Gardens, Kolkata",2025-04-26,Sunil Narine,4,1,0
"Eden Gardens, Kolkata",2025-04-26,Marco Jansen,1,0,0
"Eden Gardens, Kolkata",2025-04-26,Arshdeep Singh,0,0,0
"Wankhede Stadium, Mumbai",2025-04-27,Rickelton (wk),58,6,4
"Wankhede Stadium, Mumbai",2025-04-27,Rohit,12,0,2
"Wankhede Stadium, Mumbai",2025-04-27,Will Jacks,29,3,1
"Wankhede Stadium, Mumbai",2025-04-27,Suryakumar Yadav,54,4,4
"Wankhede Stadium, Mumbai",2025-04-27,Tilak Varma,6,1,0
"Wankhede Stadium, Mumbai",2025-04-27,Hardik Pandya (c),5,0,0
"Wankhede Stadium, Mumbai",2025-04-27,Naman Dhir,25,2,2
"Wankhede Stadium, Mumbai",2025-04-27,Corbin Bosch,20,2,1
"Wankhede Stadium, Mumbai",2025-04-27,D Chahar,1,0,0
"Wankhede Stadium, Mumbai",2025-04-27,Mayank Yadav,4,2,0
"Wankhede Stadium, Mumbai",2025-04-27,Prince Yadav,4,1,0
"Wankhede Stadium, Mumbai",2025-04-27,Digvesh Rathi,4,1,0
"Wankhede Stadium, Mumbai",2025-04-27,Ravi Bishnoi,4,1,0
"Wankhede Stadium, Mumbai",2025-04-27,Avesh Khan,4,2,0
"Wankhede Stadium, Mumbai",2025-04-27,Mitchell Marsh,34,3,2
"Wankhede Stadium, Mumbai",2025-04-27,Aiden Markram,9,2,0
"Wankhede Stadium, Mumbai",2025-04-27,Nicholas Pooran,27,1,3
"Wankhede Stadium, Mumbai",2025-04-27,Rishabh Pant (c & wk),4,1,0
"Wankhede Stadium, Mumbai",2025-04-27,Ayush Badoni,35,2,2
"Wankhede Stadium, Mumbai",2025-04-27,David Miller,24,3,0
"Wankhede Stadium, Mumbai",2025-04-27,Abdul Samad,2,0,0
"Wankhede Stadium, Mumbai",2025-04-27,Ravi Bishnoi,13,0,2
"Wankhede Stadium, Mumbai",2025-04-27,Avesh Khan,0,0,0
"Wankhede Stadium, Mumbai",2025-04-27,Prince Yadav,4,0,0
"Wankhede Stadium, Mumbai",2025-04-27,Digvesh Singh Rathi,1,0,0
"Wankhede Stadium, Mumbai",2025-04-27,Trent Boult,4,3,0
"Wankhede Stadium, Mumbai",2025-04-27,Deepak Chahar,3,0,1
"Wankhede Stadium, Mumbai",2025-04-27,Jasprit Bumrah,4,4,0
"Wankhede Stadium, Mumbai",2025-04-27,Will Jacks,2,2,0
"Wankhede Stadium, Mumbai",2025-04-27,Karn Sharma,2,0,0
"Wankhede Stadium, Mumbai",2025-04-27,Hardik Pandya (c),1,0,0
"Wankhede Stadium, Mumbai",2025-04-27,Corbin Bosch,4,1,0
"Arun Jaitley Stadium, Delhi",2025-04-27,Abishek Porel,28,2,2
"Arun Jaitley Stadium, Delhi",2025-04-27,du Plessis,22,2,0
"Arun Jaitley Stadium, Delhi",2025-04-27,Karun Nair,4,1,0
"Arun Jaitley Stadium, Delhi",2025-04-27,Rahul (wk),41,3,0
"Arun Jaitley Stadium, Delhi",2025-04-27,Axar (c),15,1,1
"Arun Jaitley Stadium, Delhi",2025-04-27,Stubbs,34,5,1
"Arun Jaitley Stadium, Delhi",2025-04-27,Ashutosh Sharma,2,0,0
"Arun Jaitley Stadium, Delhi",2025-04-27,Vipraj Nigam,12,0,1
"Arun Jaitley Stadium, Delhi",2025-04-27,Mitchell Starc,0,0,0
"Arun Jaitley Stadium, Delhi",2025-04-27,Chameera,0,0,0
"Arun Jaitley Stadium, Delhi",2025-04-27,Bhuvneshwar,4,3,0
"Arun Jaitley Stadium, Delhi",2025-04-27,Yash Dayal,4,1,1
"Arun Jaitley Stadium, Delhi",2025-04-27,Hazlewood,4,2,0
"Arun Jaitley Stadium, Delhi",2025-04-27,Suyash Sharma,4,0,0
"Arun Jaitley Stadium, Delhi",2025-04-27,Krunal Pandya,4,1,0
"Arun Jaitley Stadium, Delhi",2025-04-27,Jacob Bethell,12,1,1
"Arun Jaitley Stadium, Delhi",2025-04-27,Virat Kohli,51,4,0
"Arun Jaitley Stadium, Delhi",2025-04-27,Devdutt Padikkal,0,0,0
"Arun Jaitley Stadium, Delhi",2025-04-27,Rajat Patidar (c),6,1,0
"Arun Jaitley Stadium, Delhi",2025-04-27,Krunal Pandya,73,5,4
"Arun Jaitley Stadium, Delhi",2025-04-27,Tim David,19,3,1
"Arun Jaitley Stadium, Delhi",2025-04-27,Axar Patel (c),4,2,0
"Arun Jaitley Stadium, Delhi",2025-04-27,Mitchell Starc,3,0,0
"Arun Jaitley Stadium, Delhi",2025-04-27,Mukesh Kumar,3.3,0,1
"Arun Jaitley Stadium, Delhi",2025-04-27,Vipraj Nigam,1,0,1
"Arun Jaitley Stadium, Delhi",2025-04-27,Kuldeep Yadav,4,0,0
"Arun Jaitley Stadium, Delhi",2025-04-27,Dushmantha Chameera,3,1,0
"Sawai Mansingh Stadium, Jaipur",2025-04-28,Sai Sudharsan,39,4,1
"Sawai Mansingh Stadium, Jaipur",2025-04-28,Shubman Gill (c),84,5,4
"Sawai Mansingh Stadium, Jaipur",2025-04-28,Jos Buttler (wk),50,3,4
"Sawai Mansingh Stadium, Jaipur",2025-04-28,Washington Sundar,13,0,1
"Sawai Mansingh Stadium, Jaipur",2025-04-28,Rahul Tewatia,9,0,1
"Sawai Mansingh Stadium, Jaipur",2025-04-28,Shahrukh Khan,5,1,0
"Sawai Mansingh Stadium, Jaipur",2025-04-28,Jofra Archer,4,1,0
"Sawai Mansingh Stadium, Jaipur",2025-04-28,M Theekshana,4,2,0
"Sawai Mansingh Stadium, Jaipur",2025-04-28,Yudhvir Singh,3,0,0
"Sawai Mansingh Stadium, Jaipur",2025-04-28,Sandeep Sharma,4,1,0
"Sawai Mansingh Stadium, Jaipur",2025-04-28,Riyan Parag (c),1,0,0
"Sawai Mansingh Stadium, Jaipur",2025-04-28,W Hasaranga,4,0,0
"Sawai Mansingh Stadium, Jaipur",2025-04-28,Yashasvi Jaiswal,70,9,2
"Sawai Mansingh Stadium, Jaipur",2025-04-28,Vaibhav Suryavanshi,101,7,11
"Sawai Mansingh Stadium, Jaipur",2025-04-28,Nitish Rana,4,1,0
"Sawai Mansingh Stadium, Jaipur",2025-04-28,Riyan Parag (c),32,2,2
"Sawai Mansingh Stadium, Jaipur",2025-04-28,Mohammed Siraj,2,0,0
"Sawai Mansingh Stadium, Jaipur",2025-04-28,Ishant Sharma,2,0,0
"Sawai Mansingh Stadium, Jaipur",2025-04-28,Washington Sundar,1.5,0,0
"Sawai Mansingh Stadium, Jaipur",2025-04-28,Prasidh Krishna,4,1,0
"Sawai Mansingh Stadium, Jaipur",2025-04-28,Rashid Khan,4,1,0
"Sawai Mansingh Stadium, Jaipur",2025-04-28,Karim Janat,1,0,0
"Sawai Mansingh Stadium, Jaipur",2025-04-28,Ravisrinivasan Sai Kishore,1,0,0
"Arun Jaitley Stadium, Delhi",2025-04-29,Gurbaz (wk),26,5,1
"Arun Jaitley Stadium, Delhi",2025-04-29,Narine,27,2,2
"Arun Jaitley Stadium, Delhi",2025-04-29,Ajinkya Rahane (c),26,4,1
"Arun Jaitley Stadium, Delhi",2025-04-29,Angkrish Raghuvanshi,44,3,2
"Arun Jaitley Stadium, Delhi",2025-04-29,Venkatesh Iyer,7,1,0
"Arun Jaitley Stadium, Delhi",2025-04-29,Rinku Singh,36,3,1
"Arun Jaitley Stadium, Delhi",2025-04-29,Russell,17,2,1
"Arun Jaitley Stadium, Delhi",2025-04-29,Rovman Powell,5,1,0
"Arun Jaitley Stadium, Delhi",2025-04-29,Anukul Roy,0,0,0
"Arun Jaitley Stadium, Delhi",2025-04-29,Harshit Rana,0,0,0
"Arun Jaitley Stadium, Delhi",2025-04-29,Varun Chakaravarthy,1,0,0
"Arun Jaitley Stadium, Delhi",2025-04-29,Mitchell Starc,4,3,0
"Arun Jaitley Stadium, Delhi",2025-04-29,Chameera,3,1,0
"Arun Jaitley Stadium, Delhi",2025-04-29,Mukesh Kumar,2,0,0
"Arun Jaitley Stadium, Delhi",2025-04-29,Vipraj Nigam,4,2,1
"Arun Jaitley Stadium, Delhi",2025-04-29,Axar (c),4,2,0
"Arun Jaitley Stadium, Delhi",2025-04-29,Kuldeep Yadav,3,0,0
"Arun Jaitley Stadium, Delhi",2025-04-29,Abishek Porel (wk),4,1,0
"Arun Jaitley Stadium, Delhi",2025-04-29,Faf du Plessis,62,7,2
"Arun Jaitley Stadium, Delhi",2025-04-29,Karun Nair,15,2,0
"Arun Jaitley Stadium, Delhi",2025-04-29,KL Rahul,7,1,0
"Arun Jaitley Stadium, Delhi",2025-04-29,Axar Patel (c),43,4,3
"Arun Jaitley Stadium, Delhi",2025-04-29,Tristan Stubbs,1,0,0
"Arun Jaitley Stadium, Delhi",2025-04-29,Vipraj Nigam,38,5,2
"Arun Jaitley Stadium, Delhi",2025-04-29,Ashutosh Sharma,7,0,1
"Arun Jaitley Stadium, Delhi",2025-04-29,Mitchell Starc,0,0,0
"Arun Jaitley Stadium, Delhi",2025-04-29,Dushmantha Chameera,2,0,0
"Arun Jaitley Stadium, Delhi",2025-04-29,Kuldeep Yadav,1,0,0
"Arun Jaitley Stadium, Delhi",2025-04-29,Anukul Roy,4,1,0
"Arun Jaitley Stadium, Delhi",2025-04-29,Vaibhav Arora,2,1,0
"Arun Jaitley Stadium, Delhi",2025-04-29,Harshit Rana,4,0,0
"Arun Jaitley Stadium, Delhi",2025-04-29,Varun Chakaravarthy,4,2,0
"Arun Jaitley Stadium, Delhi",2025-04-29,Sunil Narine,4,3,0
"Arun Jaitley Stadium, Delhi",2025-04-29,Andre Russell,2,1,1
